[
  {
    "value": "rood",
    "synonyms": [
      "rood",
      "licht rood",
      "donker rood",
      "lichtrood",
      "donkerrood"
    ]
  },
  {
    "value": "blauw",
    "synonyms": [
      "blauw",
      "licht blauw",
      "donder blauw",
      "lichtblauw",
      "donkerblauw"
    ]
  },
  {
    "value": "groen",
    "synonyms": [
      "groen",
      "licht groen",
      "donker groen",
      "lichtgroen",
      "donkergroen"
    ]
  },
  {
    "value": "geel",
    "synonyms": [
      "geel",
      "licht geel",
      "donker geel",
      "lichtgeel",
      "donkergeel"
    ]
  },
  {
    "value": "oranje",
    "synonyms": [
      "oranje",
      "licht oranje",
      "donker oranje",
      "lichtoranje",
      "donkeroranje"
    ]
  },
  {
    "value": "paars",
    "synonyms": [
      "paars",
      "licht paars",
      "donker paars",
      "lichtpaars",
      "donkerpaars"
    ]
  },
  {
    "value": "roze",
    "synonyms": [
      "roze",
      "licht roze",
      "donker roze",
      "lichtroze",
      "donkerroze"
    ]
  },
  {
    "value": "grijs",
    "synonyms": [
      "grijs",
      "licht grijs",
      "donker grijs",
      "lichtgrijs",
      "donkergrijs"
    ]
  },
  {
    "value": "wit",
    "synonyms": [
      "wit"
    ]
  },
  {
    "value": "zwart",
    "synonyms": [
      "zwart"
    ]
  },
  {
    "value": "violet",
    "synonyms": [
      "violet"
    ]
  },
  {
    "value": "bruin",
    "synonyms": [
      "bruin",
      "lichtbruin",
      "donkerbruin",
      "licht bruin",
      "donker bruin"
    ]
  }
]