[
  {
    "id": "f7cd206d-fb67-4634-a172-bb36179f2cb1",
    "data": [
      {
        "text": "wandelen en gamen",
        "userDefined": false
      }
    ],
    "isTemplate": false,
    "count": 0,
    "lang": "nl",
    "updated": 0
  },
  {
    "id": "34edd7ec-cbf1-4b24-8652-0ef2ca91423c",
    "data": [
      {
        "text": "fortnite",
        "userDefined": false
      }
    ],
    "isTemplate": false,
    "count": 0,
    "lang": "nl",
    "updated": 0
  },
  {
    "id": "55b2b443-1943-4278-898e-72249436a55e",
    "data": [
      {
        "text": "roblox",
        "userDefined": false
      }
    ],
    "isTemplate": false,
    "count": 0,
    "lang": "nl",
    "updated": 0
  },
  {
    "id": "54063f60-36b9-4b17-aa02-d6f106e275cf",
    "data": [
      {
        "text": "minecraft",
        "userDefined": false
      }
    ],
    "isTemplate": false,
    "count": 0,
    "lang": "nl",
    "updated": 0
  },
  {
    "id": "846d8797-0ca5-40ae-8187-0781f074c796",
    "data": [
      {
        "text": "gamen",
        "userDefined": false
      }
    ],
    "isTemplate": false,
    "count": 0,
    "lang": "nl",
    "updated": 0
  },
  {
    "id": "38f3a63f-14f8-445c-9138-925d7fe9319c",
    "data": [
      {
        "text": "kerst",
        "meta": "@sys.date-time",
        "alias": "date-time",
        "userDefined": false
      }
    ],
    "isTemplate": false,
    "count": 0,
    "lang": "nl",
    "updated": 0
  },
  {
    "id": "317d996c-d1b5-4458-a6ac-4ef7803ed0ab",
    "data": [
      {
        "text": "uit eten",
        "meta": "@sys.location",
        "alias": "location",
        "userDefined": false
      }
    ],
    "isTemplate": false,
    "count": 0,
    "lang": "nl",
    "updated": 0
  },
  {
    "id": "a805b0f4-57e7-44c8-ae9c-d89db7ebcce9",
    "data": [
      {
        "text": "eten",
        "meta": "@sys.location",
        "alias": "location",
        "userDefined": false
      }
    ],
    "isTemplate": false,
    "count": 0,
    "lang": "nl",
    "updated": 0
  },
  {
    "id": "568ca28e-38ff-446e-9594-a2fec3031dd3",
    "data": [
      {
        "text": "ski vakantie",
        "userDefined": false
      }
    ],
    "isTemplate": false,
    "count": 0,
    "lang": "nl",
    "updated": 0
  },
  {
    "id": "9f5e92bd-3d75-49fc-8ba1-359422dc0d96",
    "data": [
      {
        "text": "skivakantie",
        "userDefined": false
      }
    ],
    "isTemplate": false,
    "count": 0,
    "lang": "nl",
    "updated": 0
  },
  {
    "id": "e18e1a7d-314a-4245-8d94-08e3df8b9b2b",
    "data": [
      {
        "text": "op vakantie naar ",
        "userDefined": false
      },
      {
        "text": "londen",
        "meta": "@sys.location",
        "alias": "location",
        "userDefined": false
      }
    ],
    "isTemplate": false,
    "count": 0,
    "lang": "nl",
    "updated": 0
  },
  {
    "id": "361ed911-6914-4e01-a025-a3f1fe992ea3",
    "data": [
      {
        "text": "op reis",
        "userDefined": false
      }
    ],
    "isTemplate": false,
    "count": 0,
    "lang": "nl",
    "updated": 0
  },
  {
    "id": "538a132f-118e-4dd0-8bd8-9f6d22c9f5ce",
    "data": [
      {
        "text": "reizen",
        "userDefined": false
      }
    ],
    "isTemplate": false,
    "count": 0,
    "lang": "nl",
    "updated": 0
  },
  {
    "id": "15f1d695-206d-4d5f-a8b0-074d51ae56db",
    "data": [
      {
        "text": "op vakantie",
        "userDefined": false
      }
    ],
    "isTemplate": false,
    "count": 0,
    "lang": "nl",
    "updated": 0
  },
  {
    "id": "d5358058-4d70-4ecb-8eb4-d3619fb0e83b",
    "data": [
      {
        "text": "afspreken",
        "userDefined": false
      }
    ],
    "isTemplate": false,
    "count": 0,
    "lang": "nl",
    "updated": 0
  },
  {
    "id": "5ece9b71-3c77-4d9a-8b1c-869c308982c4",
    "data": [
      {
        "text": "logeren",
        "userDefined": false
      }
    ],
    "isTemplate": false,
    "count": 0,
    "lang": "nl",
    "updated": 0
  },
  {
    "id": "36f360f4-2639-491f-a689-a5e4cdd7ed1f",
    "data": [
      {
        "text": "wintersport",
        "meta": "@sys.location",
        "alias": "location",
        "userDefined": false
      }
    ],
    "isTemplate": false,
    "count": 1,
    "lang": "nl",
    "updated": 0
  },
  {
    "id": "d4e2075a-fcf4-4c27-aadc-d7ccdbf905ad",
    "data": [
      {
        "text": "snowboarden",
        "userDefined": false
      }
    ],
    "isTemplate": false,
    "count": 0,
    "lang": "nl",
    "updated": 0
  },
  {
    "id": "3cceed4c-dc81-4c15-b610-10e6b023d44f",
    "data": [
      {
        "text": "eten",
        "meta": "@sys.location",
        "alias": "location",
        "userDefined": false
      },
      {
        "text": " en spelen",
        "userDefined": false
      }
    ],
    "isTemplate": false,
    "count": 0,
    "lang": "nl",
    "updated": 0
  },
  {
    "id": "3d103399-7f27-41b2-91a1-443754b7ba38",
    "data": [
      {
        "text": "schaatsen",
        "userDefined": false
      }
    ],
    "isTemplate": false,
    "count": 0,
    "lang": "nl",
    "updated": 0
  },
  {
    "id": "9fba2edc-9986-4d55-8aa1-423c079a521e",
    "data": [
      {
        "text": "curacao",
        "meta": "@sys.location",
        "alias": "location",
        "userDefined": false
      }
    ],
    "isTemplate": false,
    "count": 0,
    "lang": "nl",
    "updated": 0
  },
  {
    "id": "133eda76-f1b7-4f53-846d-fc6a7b5ab6a5",
    "data": [
      {
        "text": "zwitserland",
        "meta": "@sys.location",
        "alias": "location",
        "userDefined": false
      }
    ],
    "isTemplate": false,
    "count": 0,
    "lang": "nl",
    "updated": 0
  },
  {
    "id": "19bec2b5-d5a0-4a2c-bd08-1ecb361d07e9",
    "data": [
      {
        "text": "gourmetten",
        "userDefined": false
      }
    ],
    "isTemplate": false,
    "count": 0,
    "lang": "nl",
    "updated": 0
  },
  {
    "id": "de5dc83c-fb13-4453-97e7-18eec01b93b5",
    "data": [
      {
        "text": "kerst vieren",
        "userDefined": false
      }
    ],
    "isTemplate": false,
    "count": 0,
    "lang": "nl",
    "updated": 0
  },
  {
    "id": "88d1e72b-ea9d-4746-b541-f524e59cd588",
    "data": [
      {
        "text": "naar ",
        "userDefined": false
      },
      {
        "text": "de bioscoop",
        "meta": "@sys.location",
        "alias": "location",
        "userDefined": false
      }
    ],
    "isTemplate": false,
    "count": 0,
    "lang": "nl",
    "updated": 0
  },
  {
    "id": "525e8fd7-d785-4b10-bd66-1c392fb66e01",
    "data": [
      {
        "text": "films kijken",
        "userDefined": false
      }
    ],
    "isTemplate": false,
    "count": 0,
    "lang": "nl",
    "updated": 0
  },
  {
    "id": "dc45907b-cf21-4e35-a9e2-ab1c3d2e57b0",
    "data": [
      {
        "text": "vooral op de bank liggen",
        "userDefined": false
      }
    ],
    "isTemplate": false,
    "count": 0,
    "lang": "nl",
    "updated": 0
  },
  {
    "id": "0b01ee62-6e5f-4763-b02f-4c4cc0ec143a",
    "data": [
      {
        "text": "we gaan naar ",
        "userDefined": false
      },
      {
        "text": "frankrijk",
        "meta": "@sys.location",
        "alias": "location",
        "userDefined": false
      }
    ],
    "isTemplate": false,
    "count": 0,
    "lang": "nl",
    "updated": 0
  },
  {
    "id": "a418e6a9-49d4-47bc-8dad-5352802a6e7c",
    "data": [
      {
        "text": "we gaan skiien",
        "userDefined": false
      }
    ],
    "isTemplate": false,
    "count": 0,
    "lang": "nl",
    "updated": 0
  }
]