[
  {
    "id": "8c152603-ebd8-45ba-b6c5-27ae05075900",
    "data": [
      {
        "text": "gaat wel",
        "userDefined": false
      }
    ],
    "isTemplate": false,
    "count": 0,
    "lang": "nl",
    "updated": 0
  },
  {
    "id": "4f8fc8f2-0c21-44c5-94db-a485d175d305",
    "data": [
      {
        "text": "het gaat",
        "userDefined": false
      }
    ],
    "isTemplate": false,
    "count": 0,
    "lang": "nl",
    "updated": 0
  },
  {
    "id": "c29175dd-9a62-4ea2-ad6b-f7467cdc2425",
    "data": [
      {
        "text": "heel ",
        "userDefined": false
      },
      {
        "text": "goed",
        "meta": "@hoegaatgoed",
        "alias": "hoegaatgoed",
        "userDefined": false
      }
    ],
    "isTemplate": false,
    "count": 1,
    "lang": "nl",
    "updated": 0
  },
  {
    "id": "c4dfaf69-f580-47bc-9b14-e3621def3618",
    "data": [
      {
        "text": "wel ",
        "userDefined": false
      },
      {
        "text": "oke",
        "meta": "@hoegaatgoed",
        "alias": "hoegaatgoed",
        "userDefined": false
      }
    ],
    "isTemplate": false,
    "count": 0,
    "lang": "nl",
    "updated": 0
  },
  {
    "id": "a3c8f858-7db3-4a78-b5b0-34cf3fde5adb",
    "data": [
      {
        "text": "het gaat ",
        "userDefined": false
      },
      {
        "text": "prima",
        "meta": "@hoegaatgoed",
        "alias": "hoegaatgoed",
        "userDefined": false
      }
    ],
    "isTemplate": false,
    "count": 0,
    "lang": "nl",
    "updated": 0
  },
  {
    "id": "0234a753-4c33-465b-98eb-16b43c846306",
    "data": [
      {
        "text": "goed",
        "meta": "@hoegaatgoed",
        "alias": "hoegaatgoed",
        "userDefined": false
      }
    ],
    "isTemplate": false,
    "count": 0,
    "lang": "nl",
    "updated": 0
  }
]