[
  {
    "id": "0b2d440b-57b7-4899-b47e-9eba26e0ec41",
    "data": [
      {
        "text": "ik heb er geen",
        "userDefined": false
      }
    ],
    "isTemplate": false,
    "count": 0,
    "lang": "nl",
    "updated": 0
  },
  {
    "id": "99adc485-ed7c-4b3d-b3e0-2d6e7fb1831c",
    "data": [
      {
        "text": "heb ik niet",
        "userDefined": false
      }
    ],
    "isTemplate": false,
    "count": 0,
    "lang": "nl",
    "updated": 0
  },
  {
    "id": "f2ad8fb1-1f12-47d2-a898-51f04ef6c5bc",
    "data": [
      {
        "text": "Dat weet ik nog niet",
        "userDefined": false
      }
    ],
    "isTemplate": false,
    "count": 0,
    "lang": "nl",
    "updated": 0
  },
  {
    "id": "eae119eb-549b-4ea0-81d7-9113a6477499",
    "data": [
      {
        "text": "Moet ik over nadenken",
        "userDefined": false
      }
    ],
    "isTemplate": false,
    "count": 0,
    "lang": "nl",
    "updated": 0
  },
  {
    "id": "4c3358f6-aa1e-47c8-86ad-ff671927e5a2",
    "data": [
      {
        "text": "Geen idee",
        "userDefined": false
      }
    ],
    "isTemplate": false,
    "count": 0,
    "lang": "nl",
    "updated": 0
  },
  {
    "id": "f1626ea7-be05-4781-b633-052d0cceb21a",
    "data": [
      {
        "text": "Weet ik niet",
        "userDefined": false
      }
    ],
    "isTemplate": false,
    "count": 0,
    "lang": "nl",
    "updated": 0
  }
]