[
  {
    "id": "87d56cf7-6880-4536-bb02-1d551e8a8dd3",
    "data": [
      {
        "text": "wandelen en gamen",
        "userDefined": false
      }
    ],
    "isTemplate": false,
    "count": 0,
    "lang": "nl",
    "updated": 0
  },
  {
    "id": "00755518-9756-4984-a0a7-de1c10f6a806",
    "data": [
      {
        "text": "fortnite",
        "userDefined": false
      }
    ],
    "isTemplate": false,
    "count": 0,
    "lang": "nl",
    "updated": 0
  },
  {
    "id": "aed95dfd-5f89-43df-892f-fe811c498471",
    "data": [
      {
        "text": "roblox",
        "userDefined": false
      }
    ],
    "isTemplate": false,
    "count": 0,
    "lang": "nl",
    "updated": 0
  },
  {
    "id": "2678e832-364d-40a9-9967-b7294a1023ea",
    "data": [
      {
        "text": "minecraft",
        "userDefined": false
      }
    ],
    "isTemplate": false,
    "count": 0,
    "lang": "nl",
    "updated": 0
  },
  {
    "id": "8ebd829c-4783-4cc5-b5ba-afb9c667d412",
    "data": [
      {
        "text": "kerstgamen",
        "userDefined": false
      }
    ],
    "isTemplate": false,
    "count": 0,
    "lang": "nl",
    "updated": 0
  },
  {
    "id": "a6969b07-5caa-46b6-99c3-77d374b81fe1",
    "data": [
      {
        "text": "kerst",
        "meta": "@sys.date-time",
        "alias": "date-time",
        "userDefined": false
      }
    ],
    "isTemplate": false,
    "count": 0,
    "lang": "nl",
    "updated": 0
  },
  {
    "id": "36148dbd-6d88-451d-b051-1e64548dde8f",
    "data": [
      {
        "text": "uit eten",
        "meta": "@sys.location",
        "alias": "location",
        "userDefined": false
      }
    ],
    "isTemplate": false,
    "count": 0,
    "lang": "nl",
    "updated": 0
  },
  {
    "id": "a810626e-87a0-409d-ad86-8bd6e83b2a05",
    "data": [
      {
        "text": "eten",
        "meta": "@sys.location",
        "alias": "location",
        "userDefined": false
      }
    ],
    "isTemplate": false,
    "count": 0,
    "lang": "nl",
    "updated": 0
  },
  {
    "id": "ee4db0a2-d01e-4c9d-8801-9173260f7bc5",
    "data": [
      {
        "text": "ski vakantie",
        "userDefined": false
      }
    ],
    "isTemplate": false,
    "count": 0,
    "lang": "nl",
    "updated": 0
  },
  {
    "id": "104a4b39-d9ce-45fe-9f24-9d2e4cd4adf1",
    "data": [
      {
        "text": "skivakantie",
        "userDefined": false
      }
    ],
    "isTemplate": false,
    "count": 0,
    "lang": "nl",
    "updated": 0
  },
  {
    "id": "9bcf9472-e0bc-4acf-8c76-f2fd42377a2d",
    "data": [
      {
        "text": "op vakantie naar ",
        "userDefined": false
      },
      {
        "text": "londen",
        "meta": "@sys.location",
        "alias": "location",
        "userDefined": false
      }
    ],
    "isTemplate": false,
    "count": 0,
    "lang": "nl",
    "updated": 0
  },
  {
    "id": "dc53b2c1-29f8-4a7f-b83f-7d70dd938aed",
    "data": [
      {
        "text": "op reis",
        "userDefined": false
      }
    ],
    "isTemplate": false,
    "count": 0,
    "lang": "nl",
    "updated": 0
  },
  {
    "id": "1040a62f-0fd9-457f-9206-10c403a3ea47",
    "data": [
      {
        "text": "reizen",
        "userDefined": false
      }
    ],
    "isTemplate": false,
    "count": 0,
    "lang": "nl",
    "updated": 0
  },
  {
    "id": "d165dd5f-1bd8-4450-861c-84432c5dabbf",
    "data": [
      {
        "text": "afsprekenop vakantie",
        "userDefined": false
      }
    ],
    "isTemplate": false,
    "count": 0,
    "lang": "nl",
    "updated": 0
  },
  {
    "id": "25dcb679-7934-4190-ba5c-12e9c8b3253d",
    "data": [
      {
        "text": "afspreken",
        "userDefined": false
      }
    ],
    "isTemplate": false,
    "count": 0,
    "lang": "nl",
    "updated": 0
  },
  {
    "id": "9550c622-deaa-4016-af8e-d55df70f6213",
    "data": [
      {
        "text": "wintersportlogeren",
        "userDefined": false
      }
    ],
    "isTemplate": false,
    "count": 0,
    "lang": "nl",
    "updated": 0
  },
  {
    "id": "4287d820-0f26-4b89-9c56-ddf5d721477e",
    "data": [
      {
        "text": "wintersport",
        "meta": "@sys.location",
        "alias": "location",
        "userDefined": false
      }
    ],
    "isTemplate": false,
    "count": 0,
    "lang": "nl",
    "updated": 0
  },
  {
    "id": "789ad6f6-c680-4e60-8fcd-7c98eb61f5bd",
    "data": [
      {
        "text": "snowbaorden",
        "userDefined": false
      }
    ],
    "isTemplate": false,
    "count": 0,
    "lang": "nl",
    "updated": 0
  },
  {
    "id": "9204a6f2-0422-4ad9-a5ae-a4810300d136",
    "data": [
      {
        "text": "eten",
        "meta": "@sys.location",
        "alias": "location",
        "userDefined": false
      },
      {
        "text": " en spelen",
        "userDefined": false
      }
    ],
    "isTemplate": false,
    "count": 0,
    "lang": "nl",
    "updated": 0
  },
  {
    "id": "cf35989f-d25a-4c57-b5e3-7f6238f3e0fa",
    "data": [
      {
        "text": "schaatsen",
        "userDefined": false
      }
    ],
    "isTemplate": false,
    "count": 0,
    "lang": "nl",
    "updated": 0
  },
  {
    "id": "851c7234-11f2-4982-9178-a133c1be1717",
    "data": [
      {
        "text": "curacao",
        "meta": "@sys.location",
        "alias": "location",
        "userDefined": false
      }
    ],
    "isTemplate": false,
    "count": 0,
    "lang": "nl",
    "updated": 0
  },
  {
    "id": "d7ac92c1-d2f2-453e-b943-e123d1249fd4",
    "data": [
      {
        "text": "zwitserland",
        "meta": "@sys.location",
        "alias": "location",
        "userDefined": false
      }
    ],
    "isTemplate": false,
    "count": 0,
    "lang": "nl",
    "updated": 0
  },
  {
    "id": "2f19a1cf-3add-42ba-93ad-459eddf88f26",
    "data": [
      {
        "text": "gourmetten",
        "userDefined": false
      }
    ],
    "isTemplate": false,
    "count": 0,
    "lang": "nl",
    "updated": 0
  },
  {
    "id": "396f60ad-8b91-424f-8472-b26fc2da20f1",
    "data": [
      {
        "text": "kerst vieren",
        "meta": "@sys.date-time",
        "alias": "date-time",
        "userDefined": false
      }
    ],
    "isTemplate": false,
    "count": 0,
    "lang": "nl",
    "updated": 0
  },
  {
    "id": "455148dc-4262-4561-83a6-5a00d66e5c8e",
    "data": [
      {
        "text": "naar ",
        "userDefined": false
      },
      {
        "text": "de bioscoop",
        "meta": "@sys.location",
        "alias": "location",
        "userDefined": false
      }
    ],
    "isTemplate": false,
    "count": 0,
    "lang": "nl",
    "updated": 0
  },
  {
    "id": "e22a2f4a-1e7c-473e-9823-584949f43ac7",
    "data": [
      {
        "text": "films kijken",
        "userDefined": false
      }
    ],
    "isTemplate": false,
    "count": 0,
    "lang": "nl",
    "updated": 0
  },
  {
    "id": "b44d3346-8f08-4c22-9f74-ae7dc47610e5",
    "data": [
      {
        "text": "we gaan naar ",
        "userDefined": false
      },
      {
        "text": "frankrijk",
        "meta": "@sys.location",
        "alias": "location",
        "userDefined": false
      }
    ],
    "isTemplate": false,
    "count": 0,
    "lang": "nl",
    "updated": 0
  },
  {
    "id": "972a9e9c-293a-4add-af34-d19c34c10a67",
    "data": [
      {
        "text": "we gaan skiien",
        "userDefined": false
      }
    ],
    "isTemplate": false,
    "count": 0,
    "lang": "nl",
    "updated": 0
  }
]