[
  {
    "id": "42fb6345-8142-43da-baa0-6a695a6515af",
    "data": [
      {
        "text": "wandelen en gamen",
        "userDefined": false
      }
    ],
    "isTemplate": false,
    "count": 0,
    "lang": "nl",
    "updated": 0
  },
  {
    "id": "5aadc79d-100a-423a-a509-5dc781a7b2d0",
    "data": [
      {
        "text": "fortnite",
        "userDefined": false
      }
    ],
    "isTemplate": false,
    "count": 0,
    "lang": "nl",
    "updated": 0
  },
  {
    "id": "dcd4b3af-511f-46f5-9185-44b55cc5b892",
    "data": [
      {
        "text": "roblox",
        "userDefined": false
      }
    ],
    "isTemplate": false,
    "count": 0,
    "lang": "nl",
    "updated": 0
  },
  {
    "id": "a0326d19-b957-4d1e-8960-5993904192fa",
    "data": [
      {
        "text": "minecraft",
        "userDefined": false
      }
    ],
    "isTemplate": false,
    "count": 0,
    "lang": "nl",
    "updated": 0
  },
  {
    "id": "f0047e50-10e8-434b-b37f-2efb01515a24",
    "data": [
      {
        "text": "gamen",
        "userDefined": false
      }
    ],
    "isTemplate": false,
    "count": 0,
    "lang": "nl",
    "updated": 0
  },
  {
    "id": "cafea815-63cd-4c4d-a941-1556c1a7bfeb",
    "data": [
      {
        "text": "uit etenkerst",
        "userDefined": false
      }
    ],
    "isTemplate": false,
    "count": 0,
    "lang": "nl",
    "updated": 0
  },
  {
    "id": "57d16004-50cf-4355-8f8b-6d56ccfbfb1a",
    "data": [
      {
        "text": "uit eten",
        "meta": "@sys.location",
        "alias": "location",
        "userDefined": false
      }
    ],
    "isTemplate": false,
    "count": 0,
    "lang": "nl",
    "updated": 0
  },
  {
    "id": "1fe0e36f-c8e1-4848-a935-6eecb2e47966",
    "data": [
      {
        "text": "eten",
        "meta": "@sys.location",
        "alias": "location",
        "userDefined": false
      }
    ],
    "isTemplate": false,
    "count": 0,
    "lang": "nl",
    "updated": 0
  },
  {
    "id": "dd69a267-2de4-4b79-ade7-3d325b7d644b",
    "data": [
      {
        "text": "ski vakantie",
        "userDefined": false
      }
    ],
    "isTemplate": false,
    "count": 0,
    "lang": "nl",
    "updated": 0
  },
  {
    "id": "b86f796b-26b9-4b27-97e5-06a80d8f4629",
    "data": [
      {
        "text": "skivakantie",
        "userDefined": false
      }
    ],
    "isTemplate": false,
    "count": 0,
    "lang": "nl",
    "updated": 0
  },
  {
    "id": "17b74d60-75eb-44b4-af95-da55d659029e",
    "data": [
      {
        "text": "op vakantie naar ",
        "userDefined": false
      },
      {
        "text": "londen",
        "meta": "@sys.person",
        "alias": "person",
        "userDefined": false
      }
    ],
    "isTemplate": false,
    "count": 0,
    "lang": "nl",
    "updated": 0
  },
  {
    "id": "ee2b38cb-1e22-4128-8c78-4a05baefdcbe",
    "data": [
      {
        "text": "op reis",
        "userDefined": false
      }
    ],
    "isTemplate": false,
    "count": 0,
    "lang": "nl",
    "updated": 0
  },
  {
    "id": "8502c58b-88c5-4dfd-a8e9-3c36db3ef415",
    "data": [
      {
        "text": "reizen",
        "userDefined": false
      }
    ],
    "isTemplate": false,
    "count": 0,
    "lang": "nl",
    "updated": 0
  },
  {
    "id": "3e8f4073-1314-4429-8bb2-78685051887b",
    "data": [
      {
        "text": "op vakantie",
        "userDefined": false
      }
    ],
    "isTemplate": false,
    "count": 0,
    "lang": "nl",
    "updated": 0
  },
  {
    "id": "e15d3832-4684-4bd8-b15d-35977487b533",
    "data": [
      {
        "text": "afspreken",
        "userDefined": false
      }
    ],
    "isTemplate": false,
    "count": 0,
    "lang": "nl",
    "updated": 0
  },
  {
    "id": "f533a3ca-ebe0-4013-950d-f9f5fc4c6197",
    "data": [
      {
        "text": "logeren",
        "meta": "@sys.music-artist",
        "alias": "music-artist",
        "userDefined": false
      }
    ],
    "isTemplate": false,
    "count": 0,
    "lang": "nl",
    "updated": 0
  },
  {
    "id": "02aa45e6-381d-4ead-8f04-bb4e6a152a29",
    "data": [
      {
        "text": "wintersport",
        "meta": "@sys.location",
        "alias": "location",
        "userDefined": false
      }
    ],
    "isTemplate": false,
    "count": 0,
    "lang": "nl",
    "updated": 0
  },
  {
    "id": "55ff9d46-aa56-4640-a319-a17db1a6aa95",
    "data": [
      {
        "text": "snowboarden",
        "userDefined": false
      }
    ],
    "isTemplate": false,
    "count": 0,
    "lang": "nl",
    "updated": 0
  },
  {
    "id": "e7bad5ce-0c0b-4f32-bf1b-80ff8cdff5c0",
    "data": [
      {
        "text": "eten",
        "meta": "@sys.location",
        "alias": "location",
        "userDefined": false
      },
      {
        "text": " en spelen",
        "userDefined": false
      }
    ],
    "isTemplate": false,
    "count": 0,
    "lang": "nl",
    "updated": 0
  },
  {
    "id": "bb925f19-982c-4244-8e8d-a7b87ae67d08",
    "data": [
      {
        "text": "schaatsen",
        "userDefined": false
      }
    ],
    "isTemplate": false,
    "count": 0,
    "lang": "nl",
    "updated": 0
  },
  {
    "id": "8f4e49a0-cd5c-42da-95b9-f2636727a445",
    "data": [
      {
        "text": "curacao",
        "meta": "@sys.location",
        "alias": "location",
        "userDefined": false
      }
    ],
    "isTemplate": false,
    "count": 0,
    "lang": "nl",
    "updated": 0
  },
  {
    "id": "c6b5ea67-e759-4053-864d-0009ea5f069b",
    "data": [
      {
        "text": "zwitserland",
        "meta": "@sys.location",
        "alias": "location",
        "userDefined": false
      }
    ],
    "isTemplate": false,
    "count": 0,
    "lang": "nl",
    "updated": 0
  },
  {
    "id": "ecdd02b9-b55f-4703-9194-04f722917245",
    "data": [
      {
        "text": "gourmetten",
        "userDefined": false
      }
    ],
    "isTemplate": false,
    "count": 0,
    "lang": "nl",
    "updated": 0
  },
  {
    "id": "78357600-954e-4102-9819-d97221d7aa44",
    "data": [
      {
        "text": "kerst",
        "meta": "@sys.person",
        "alias": "person",
        "userDefined": false
      },
      {
        "text": " ",
        "userDefined": false
      },
      {
        "text": "vieren",
        "meta": "@sys.number",
        "alias": "number",
        "userDefined": false
      }
    ],
    "isTemplate": false,
    "count": 0,
    "lang": "nl",
    "updated": 0
  },
  {
    "id": "1be2118a-b7e7-4288-a16d-403e4305ee24",
    "data": [
      {
        "text": "naar ",
        "userDefined": false
      },
      {
        "text": "de bioscoop",
        "meta": "@sys.location",
        "alias": "location",
        "userDefined": false
      }
    ],
    "isTemplate": false,
    "count": 0,
    "lang": "nl",
    "updated": 0
  },
  {
    "id": "02149127-54dc-4f38-9272-f02fa2ad65ef",
    "data": [
      {
        "text": "films kijken",
        "userDefined": false
      }
    ],
    "isTemplate": false,
    "count": 0,
    "lang": "nl",
    "updated": 0
  },
  {
    "id": "681d6f02-6a36-4cdb-ad04-17a7cb6b4a9f",
    "data": [
      {
        "text": "we gaan naar ",
        "userDefined": false
      },
      {
        "text": "frankrijk",
        "meta": "@sys.location",
        "alias": "location",
        "userDefined": false
      }
    ],
    "isTemplate": false,
    "count": 0,
    "lang": "nl",
    "updated": 0
  },
  {
    "id": "ae4fccca-eefe-41bb-9019-1ea20c300045",
    "data": [
      {
        "text": "we gaan skiien",
        "userDefined": false
      }
    ],
    "isTemplate": false,
    "count": 0,
    "lang": "nl",
    "updated": 0
  }
]