[
  {
    "id": "55548ee5-a6e1-4713-ac65-aed2c0992c9f",
    "data": [
      {
        "text": "niet ",
        "userDefined": false
      },
      {
        "text": "echt",
        "meta": "@sys.geo-city",
        "alias": "geo-city",
        "userDefined": false
      }
    ],
    "isTemplate": false,
    "count": 0,
    "lang": "nl",
    "updated": 0
  },
  {
    "id": "c2497bf1-8484-4a6c-be05-27483624a719",
    "data": [
      {
        "text": "nee",
        "userDefined": false
      }
    ],
    "isTemplate": false,
    "count": 0,
    "lang": "nl",
    "updated": 0
  },
  {
    "id": "77126366-8e3f-467e-8bcc-c292ac6b5990",
    "data": [
      {
        "text": "niet veel",
        "userDefined": false
      }
    ],
    "isTemplate": false,
    "count": 0,
    "lang": "nl",
    "updated": 0
  },
  {
    "id": "72b7f93c-c656-44ca-8afa-eae710fc055f",
    "data": [
      {
        "text": "vooral op ",
        "userDefined": false
      },
      {
        "text": "de bank",
        "meta": "@sys.location",
        "alias": "location",
        "userDefined": false
      },
      {
        "text": " liggen",
        "userDefined": false
      }
    ],
    "isTemplate": false,
    "count": 0,
    "lang": "nl",
    "updated": 0
  },
  {
    "id": "ac78baf7-46d3-4c8b-8f0e-bcefe0f4acc6",
    "data": [
      {
        "text": "thuis blijven",
        "userDefined": false
      }
    ],
    "isTemplate": false,
    "count": 0,
    "lang": "nl",
    "updated": 0
  },
  {
    "id": "fdf730e5-fc0c-484a-b68e-56225a3340ca",
    "data": [
      {
        "text": "thuisblijven",
        "userDefined": false
      }
    ],
    "isTemplate": false,
    "count": 0,
    "lang": "nl",
    "updated": 0
  },
  {
    "id": "3e74e27f-943a-4a79-9a86-e932cb17425d",
    "data": [
      {
        "text": "ik blijf thuis",
        "meta": "@sys.location",
        "alias": "location",
        "userDefined": false
      }
    ],
    "isTemplate": false,
    "count": 0,
    "lang": "nl",
    "updated": 0
  },
  {
    "id": "1e811b25-2c96-4c55-8c42-b59e7da5ea48",
    "data": [
      {
        "text": "uitslapen",
        "userDefined": false
      }
    ],
    "isTemplate": false,
    "count": 0,
    "lang": "nl",
    "updated": 0
  },
  {
    "id": "9d8c9496-43b3-4a96-a93f-f5061a672d3c",
    "data": [
      {
        "text": "slapen",
        "userDefined": false
      }
    ],
    "isTemplate": false,
    "count": 0,
    "lang": "nl",
    "updated": 0
  },
  {
    "id": "fe183b3f-b6bc-438a-ab3f-06c44dd84ad4",
    "data": [
      {
        "text": "weinig",
        "meta": "@sys.location",
        "alias": "location",
        "userDefined": false
      }
    ],
    "isTemplate": false,
    "count": 0,
    "lang": "nl",
    "updated": 0
  },
  {
    "id": "a54f7beb-d074-4a0c-96c0-517053ec488e",
    "data": [
      {
        "text": "heel weinig",
        "userDefined": false
      }
    ],
    "isTemplate": false,
    "count": 1,
    "lang": "nl",
    "updated": 0
  },
  {
    "id": "c012479a-1b4b-4310-8223-83078e69ac13",
    "data": [
      {
        "text": "geen idee",
        "userDefined": false
      }
    ],
    "isTemplate": false,
    "count": 0,
    "lang": "nl",
    "updated": 0
  },
  {
    "id": "b044b212-793b-4326-956c-ec16d393b601",
    "data": [
      {
        "text": "weet ik niet",
        "userDefined": false
      }
    ],
    "isTemplate": false,
    "count": 0,
    "lang": "nl",
    "updated": 0
  },
  {
    "id": "0ea0884e-6cf5-41c5-ad26-4b64eefc3b1c",
    "data": [
      {
        "text": "niks",
        "meta": "@sys.person",
        "alias": "person",
        "userDefined": false
      }
    ],
    "isTemplate": false,
    "count": 0,
    "lang": "nl",
    "updated": 0
  },
  {
    "id": "859915ce-d833-4e51-81c3-87d1730e55f8",
    "data": [
      {
        "text": "niets",
        "userDefined": false
      }
    ],
    "isTemplate": false,
    "count": 0,
    "lang": "nl",
    "updated": 0
  }
]