[
  {
    "id": "6848423c-3570-4f53-9032-74243997cd88",
    "data": [
      {
        "text": "ja hoor",
        "userDefined": false
      }
    ],
    "isTemplate": false,
    "count": 0,
    "lang": "nl",
    "updated": 0
  },
  {
    "id": "ff0ac1ed-b9b3-4091-8024-a90569f8f437",
    "data": [
      {
        "text": "jawel",
        "userDefined": false
      }
    ],
    "isTemplate": false,
    "count": 0,
    "lang": "nl",
    "updated": 0
  },
  {
    "id": "a2dfa894-bd54-4d94-bfbf-d4a8759fa079",
    "data": [
      {
        "text": "ik ",
        "userDefined": false
      },
      {
        "text": "denk",
        "userDefined": false
      },
      {
        "text": " van wel",
        "userDefined": false
      }
    ],
    "isTemplate": false,
    "count": 0,
    "lang": "nl",
    "updated": 0
  },
  {
    "id": "ef69531e-7f27-4db8-8eae-2cff3e3be1fb",
    "data": [
      {
        "text": "denk",
        "userDefined": false
      },
      {
        "text": " het wel",
        "userDefined": false
      }
    ],
    "isTemplate": false,
    "count": 0,
    "lang": "nl",
    "updated": 0
  },
  {
    "id": "456f7d95-627c-42d7-89a8-91e0c96d5e8c",
    "data": [
      {
        "text": "doe maar",
        "userDefined": false
      }
    ],
    "isTemplate": false,
    "count": 0,
    "lang": "nl",
    "updated": 0
  },
  {
    "id": "b255f425-29ea-4c1b-9ed2-9a521efe83b2",
    "data": [
      {
        "text": "dat wil ik wel",
        "userDefined": false
      }
    ],
    "isTemplate": false,
    "count": 0,
    "lang": "nl",
    "updated": 0
  },
  {
    "id": "c0a8b92b-4b26-421b-a45d-cff90bc8edf3",
    "data": [
      {
        "text": "ja",
        "userDefined": false
      }
    ],
    "isTemplate": false,
    "count": 0,
    "lang": "nl",
    "updated": 0
  },
  {
    "id": "a8296c55-900d-4e8e-85b8-dd58cd726b32",
    "data": [
      {
        "text": "dat klopt",
        "userDefined": false
      }
    ],
    "isTemplate": false,
    "count": 0,
    "lang": "nl",
    "updated": 0
  },
  {
    "id": "98717497-f6bb-433c-8a0e-ec2846fca10f",
    "data": [
      {
        "text": "akkoord",
        "userDefined": false
      }
    ],
    "isTemplate": false,
    "count": 0,
    "lang": "nl",
    "updated": 0
  },
  {
    "id": "cc8d4ba1-34df-4ec0-b660-e2bc9e82ab6e",
    "data": [
      {
        "text": "ja graag",
        "userDefined": false
      }
    ],
    "isTemplate": false,
    "count": 0,
    "lang": "nl",
    "updated": 0
  },
  {
    "id": "e808c3a1-18da-4fdd-946f-2f03024d920c",
    "data": [
      {
        "text": "mee eens",
        "userDefined": false
      }
    ],
    "isTemplate": false,
    "count": 0,
    "lang": "nl",
    "updated": 0
  },
  {
    "id": "65c1a757-5f03-46d6-8920-e984db5283db",
    "data": [
      {
        "text": "natuurlijk",
        "userDefined": false
      }
    ],
    "isTemplate": false,
    "count": 0,
    "lang": "nl",
    "updated": 0
  },
  {
    "id": "a7673cc7-9f6e-4679-b20c-56b6606feac3",
    "data": [
      {
        "text": "klinkt goed",
        "userDefined": false
      }
    ],
    "isTemplate": false,
    "count": 0,
    "lang": "nl",
    "updated": 0
  },
  {
    "id": "cf303f5f-8d05-482a-8f9a-42b8538f9fbe",
    "data": [
      {
        "text": "prima",
        "userDefined": false
      }
    ],
    "isTemplate": false,
    "count": 0,
    "lang": "nl",
    "updated": 0
  }
]