[
  {
    "id": "df3c4edd-fcf3-4af1-a187-aaef947c1fe2",
    "data": [
      {
        "text": "niet ",
        "userDefined": false
      },
      {
        "text": "echt",
        "meta": "@sys.geo-city",
        "alias": "geo-city",
        "userDefined": false
      }
    ],
    "isTemplate": false,
    "count": 0,
    "lang": "nl",
    "updated": 0
  },
  {
    "id": "37c85aa8-364e-4ab3-b132-ed316b43fa67",
    "data": [
      {
        "text": "nee",
        "userDefined": false
      }
    ],
    "isTemplate": false,
    "count": 0,
    "lang": "nl",
    "updated": 0
  },
  {
    "id": "4f441f76-df7f-40ec-86b7-51c7a6f8aa9f",
    "data": [
      {
        "text": "ik blijf thuis",
        "meta": "@sys.location",
        "alias": "location",
        "userDefined": false
      }
    ],
    "isTemplate": false,
    "count": 0,
    "lang": "nl",
    "updated": 0
  },
  {
    "id": "e9df54cd-8449-4915-b35d-e31c21b08893",
    "data": [
      {
        "text": "vooral op de bank liggen",
        "userDefined": false
      }
    ],
    "isTemplate": false,
    "count": 0,
    "lang": "nl",
    "updated": 0
  },
  {
    "id": "2f63f271-ff7a-4622-996e-e3705bef260f",
    "data": [
      {
        "text": "uitslapen",
        "userDefined": false
      }
    ],
    "isTemplate": false,
    "count": 0,
    "lang": "nl",
    "updated": 0
  },
  {
    "id": "9657bc69-15e0-41e0-a126-a6c80609f23c",
    "data": [
      {
        "text": "slapen",
        "userDefined": false
      }
    ],
    "isTemplate": false,
    "count": 0,
    "lang": "nl",
    "updated": 0
  },
  {
    "id": "d0cf4966-fa61-49a3-85df-52e56fbb6ae9",
    "data": [
      {
        "text": "weinig",
        "meta": "@sys.location",
        "alias": "location",
        "userDefined": false
      }
    ],
    "isTemplate": false,
    "count": 0,
    "lang": "nl",
    "updated": 0
  },
  {
    "id": "2a2059b7-2bef-4a79-ba85-99f6d8cac875",
    "data": [
      {
        "text": "heel weinig",
        "userDefined": false
      }
    ],
    "isTemplate": false,
    "count": 0,
    "lang": "nl",
    "updated": 0
  },
  {
    "id": "572142a4-a5c2-452e-99f8-6438f62948ee",
    "data": [
      {
        "text": "niet veel",
        "userDefined": false
      }
    ],
    "isTemplate": false,
    "count": 0,
    "lang": "nl",
    "updated": 0
  },
  {
    "id": "08876d30-4d52-4356-a814-aa7bafa30ff4",
    "data": [
      {
        "text": "geen idee",
        "userDefined": false
      }
    ],
    "isTemplate": false,
    "count": 0,
    "lang": "nl",
    "updated": 0
  },
  {
    "id": "1d95a923-f228-4dee-8de6-b75b55491174",
    "data": [
      {
        "text": "weet ik niet",
        "userDefined": false
      }
    ],
    "isTemplate": false,
    "count": 0,
    "lang": "nl",
    "updated": 0
  },
  {
    "id": "d7baec58-328e-4366-9d4e-4bf417840fd1",
    "data": [
      {
        "text": "niks",
        "meta": "@sys.person",
        "alias": "person",
        "userDefined": false
      }
    ],
    "isTemplate": false,
    "count": 0,
    "lang": "nl",
    "updated": 0
  },
  {
    "id": "6df82270-5899-4ce2-a284-93e95b1a6590",
    "data": [
      {
        "text": "niets",
        "userDefined": false
      }
    ],
    "isTemplate": false,
    "count": 0,
    "lang": "nl",
    "updated": 0
  }
]