[
  {
    "id": "c79b8209-39ea-4003-b71e-c538f5a2fcc2",
    "data": [
      {
        "text": "niet ",
        "userDefined": false
      },
      {
        "text": "echt",
        "meta": "@sys.geo-city",
        "alias": "geo-city",
        "userDefined": false
      }
    ],
    "isTemplate": false,
    "count": 0,
    "lang": "nl",
    "updated": 0
  },
  {
    "id": "1f2bacb0-27af-408c-97a0-779c49116050",
    "data": [
      {
        "text": "nee",
        "userDefined": false
      }
    ],
    "isTemplate": false,
    "count": 0,
    "lang": "nl",
    "updated": 0
  },
  {
    "id": "eaabf8a0-53d4-4c1e-b86c-a02e5a9faec6",
    "data": [
      {
        "text": "thuisblijven",
        "userDefined": false
      }
    ],
    "isTemplate": false,
    "count": 0,
    "lang": "nl",
    "updated": 0
  },
  {
    "id": "7cfada93-3d64-4bad-a8b2-5bb8bc4c40e6",
    "data": [
      {
        "text": "vooral op ",
        "userDefined": false
      },
      {
        "text": "de bank",
        "meta": "@sys.location",
        "alias": "location",
        "userDefined": false
      },
      {
        "text": " liggen",
        "userDefined": false
      }
    ],
    "isTemplate": false,
    "count": 0,
    "lang": "nl",
    "updated": 0
  },
  {
    "id": "a487c81e-04c7-4ccf-97a3-89d4f4fa0165",
    "data": [
      {
        "text": "slapen",
        "userDefined": false
      }
    ],
    "isTemplate": false,
    "count": 0,
    "lang": "nl",
    "updated": 0
  },
  {
    "id": "9fce76b6-9594-411b-8890-fb0f6d93e492",
    "data": [
      {
        "text": "uitslapen",
        "userDefined": false
      }
    ],
    "isTemplate": false,
    "count": 0,
    "lang": "nl",
    "updated": 0
  },
  {
    "id": "449173f4-0c8d-4f49-bea6-65847d0aeb68",
    "data": [
      {
        "text": "ik blijf thuis",
        "meta": "@sys.location",
        "alias": "location",
        "userDefined": false
      }
    ],
    "isTemplate": false,
    "count": 0,
    "lang": "nl",
    "updated": 0
  },
  {
    "id": "518cc781-8f3c-488d-b87f-4b3e31ddc2e4",
    "data": [
      {
        "text": "weinig",
        "meta": "@sys.location",
        "alias": "location",
        "userDefined": false
      }
    ],
    "isTemplate": false,
    "count": 0,
    "lang": "nl",
    "updated": 0
  },
  {
    "id": "20ef7812-a2c2-471e-a995-3cdb939cefe6",
    "data": [
      {
        "text": "heel weinig",
        "userDefined": false
      }
    ],
    "isTemplate": false,
    "count": 0,
    "lang": "nl",
    "updated": 0
  },
  {
    "id": "1161487c-bba6-45f1-b679-3641c0479ba1",
    "data": [
      {
        "text": "niet veel",
        "userDefined": false
      }
    ],
    "isTemplate": false,
    "count": 0,
    "lang": "nl",
    "updated": 0
  },
  {
    "id": "bb735c1f-2279-4a71-84d1-9096f369d77c",
    "data": [
      {
        "text": "geen idee",
        "userDefined": false
      }
    ],
    "isTemplate": false,
    "count": 0,
    "lang": "nl",
    "updated": 0
  },
  {
    "id": "3e458617-10fd-4905-a6fa-1998d8927f89",
    "data": [
      {
        "text": "weet ik niet",
        "userDefined": false
      }
    ],
    "isTemplate": false,
    "count": 0,
    "lang": "nl",
    "updated": 0
  },
  {
    "id": "87d91e9c-e8c5-404e-8a88-a1ca51144bf9",
    "data": [
      {
        "text": "niks",
        "meta": "@sys.person",
        "alias": "person",
        "userDefined": false
      }
    ],
    "isTemplate": false,
    "count": 0,
    "lang": "nl",
    "updated": 0
  },
  {
    "id": "9f77b89a-aae5-4410-a0c8-11c2a69e84fe",
    "data": [
      {
        "text": "niets",
        "userDefined": false
      }
    ],
    "isTemplate": false,
    "count": 0,
    "lang": "nl",
    "updated": 0
  }
]