[
  {
    "id": "578e1b42-5263-4138-904a-b6fe88c20e9a",
    "data": [
      {
        "text": "dat weet ik nog niet",
        "userDefined": false
      }
    ],
    "isTemplate": false,
    "count": 0,
    "lang": "nl",
    "updated": 0
  },
  {
    "id": "bfe0ad74-0cbe-476b-b21a-39e2d416ca82",
    "data": [
      {
        "text": "moet ik over nadenken",
        "userDefined": false
      }
    ],
    "isTemplate": false,
    "count": 0,
    "lang": "nl",
    "updated": 0
  },
  {
    "id": "b902c8f5-cb22-45a4-b48f-72b89e9f492d",
    "data": [
      {
        "text": "ik heb er geen",
        "userDefined": false
      }
    ],
    "isTemplate": false,
    "count": 0,
    "lang": "nl",
    "updated": 0
  },
  {
    "id": "ffdf7e59-8561-4ffa-b4b5-ec233b6b282b",
    "data": [
      {
        "text": "geen idee",
        "userDefined": false
      }
    ],
    "isTemplate": false,
    "count": 0,
    "lang": "nl",
    "updated": 0
  },
  {
    "id": "59d6f53d-3a0b-4b7a-8b4c-e0406033c30d",
    "data": [
      {
        "text": "Heb ik niet",
        "userDefined": false
      }
    ],
    "isTemplate": false,
    "count": 0,
    "lang": "nl",
    "updated": 0
  },
  {
    "id": "b990ebe5-7f41-4c1d-a5a1-baf833d4f8f1",
    "data": [
      {
        "text": "Weet ik niet",
        "userDefined": false
      }
    ],
    "isTemplate": false,
    "count": 0,
    "lang": "nl",
    "updated": 0
  }
]