[
  {
    "id": "65bc6d51-b936-43ce-b741-c6c42f625726",
    "data": [
      {
        "text": "vos",
        "meta": "@sys.last-name",
        "alias": "last-name",
        "userDefined": false
      }
    ],
    "isTemplate": false,
    "count": 0,
    "lang": "nl",
    "updated": 0
  },
  {
    "id": "c1c534c0-1f0e-41f5-ae2c-a47436e4c380",
    "data": [
      {
        "text": "vogelbekdier",
        "userDefined": false
      }
    ],
    "isTemplate": false,
    "count": 0,
    "lang": "nl",
    "updated": 0
  },
  {
    "id": "402e9e3d-3626-4d1b-a4e3-9ce70ca5d905",
    "data": [
      {
        "text": "aap",
        "userDefined": false
      }
    ],
    "isTemplate": false,
    "count": 0,
    "lang": "nl",
    "updated": 0
  },
  {
    "id": "61857144-aa26-4e7b-a939-2f8a7fdf8c10",
    "data": [
      {
        "text": "luiaard",
        "userDefined": false
      }
    ],
    "isTemplate": false,
    "count": 0,
    "lang": "nl",
    "updated": 0
  },
  {
    "id": "6ffd56de-67e5-490c-81d7-094d1d078ba4",
    "data": [
      {
        "text": "cobra",
        "meta": "@sys.location",
        "alias": "location",
        "userDefined": false
      }
    ],
    "isTemplate": false,
    "count": 1,
    "lang": "nl",
    "updated": 0
  },
  {
    "id": "b26cb996-3d95-49ed-8779-835fc2f7e2ac",
    "data": [
      {
        "text": "antilope",
        "userDefined": false
      }
    ],
    "isTemplate": false,
    "count": 0,
    "lang": "nl",
    "updated": 0
  },
  {
    "id": "40593e35-6fc7-4ab7-abfe-986939bf5684",
    "data": [
      {
        "text": "neushoorn",
        "userDefined": false
      }
    ],
    "isTemplate": false,
    "count": 0,
    "lang": "nl",
    "updated": 0
  },
  {
    "id": "4db7caf4-17e5-4502-b1a2-a145c61ae322",
    "data": [
      {
        "text": "flamingo",
        "userDefined": false
      }
    ],
    "isTemplate": false,
    "count": 0,
    "lang": "nl",
    "updated": 0
  },
  {
    "id": "3c641d54-12a2-46fb-9eae-5068158f5a47",
    "data": [
      {
        "text": "vogel",
        "meta": "@sys.location",
        "alias": "location",
        "userDefined": false
      }
    ],
    "isTemplate": false,
    "count": 0,
    "lang": "nl",
    "updated": 0
  },
  {
    "id": "5c87cf73-e1ba-43c7-8400-03e0b32d97ee",
    "data": [
      {
        "text": "kanarie",
        "userDefined": false
      }
    ],
    "isTemplate": false,
    "count": 0,
    "lang": "nl",
    "updated": 0
  },
  {
    "id": "d54e7537-ff1d-4652-a9e7-235fc5963d3a",
    "data": [
      {
        "text": "uil",
        "userDefined": false
      }
    ],
    "isTemplate": false,
    "count": 0,
    "lang": "nl",
    "updated": 0
  },
  {
    "id": "ad2a615f-36e7-450b-92ed-6037f6625a16",
    "data": [
      {
        "text": "panda",
        "userDefined": false
      }
    ],
    "isTemplate": false,
    "count": 0,
    "lang": "nl",
    "updated": 0
  },
  {
    "id": "663b3835-85bf-4540-a83c-e754435effd2",
    "data": [
      {
        "text": "rups",
        "userDefined": false
      }
    ],
    "isTemplate": false,
    "count": 0,
    "lang": "nl",
    "updated": 0
  },
  {
    "id": "85daf843-f450-40fe-8a22-17e014d8d1c4",
    "data": [
      {
        "text": "maki",
        "meta": "@sys.last-name",
        "alias": "last-name",
        "userDefined": false
      }
    ],
    "isTemplate": false,
    "count": 0,
    "lang": "nl",
    "updated": 0
  },
  {
    "id": "09474fe6-9aad-4875-9e31-d8a1a4bd9b0a",
    "data": [
      {
        "text": "rat",
        "userDefined": false
      }
    ],
    "isTemplate": false,
    "count": 0,
    "lang": "nl",
    "updated": 0
  },
  {
    "id": "d2d2b4f1-5b46-4b6a-9ca3-bbb679be4036",
    "data": [
      {
        "text": "paard",
        "meta": "@sys.location",
        "alias": "location",
        "userDefined": false
      }
    ],
    "isTemplate": false,
    "count": 0,
    "lang": "nl",
    "updated": 0
  },
  {
    "id": "04c07dfe-40a7-41ec-a415-77fe0535ffb6",
    "data": [
      {
        "text": "koe",
        "userDefined": false
      }
    ],
    "isTemplate": false,
    "count": 0,
    "lang": "nl",
    "updated": 0
  },
  {
    "id": "21e8ed6a-a800-4131-8b01-97436361ed49",
    "data": [
      {
        "text": "dino",
        "meta": "@sys.person",
        "alias": "person",
        "userDefined": false
      }
    ],
    "isTemplate": false,
    "count": 0,
    "lang": "nl",
    "updated": 0
  },
  {
    "id": "746676bf-7f83-4d52-be0f-6760c2424b7e",
    "data": [
      {
        "text": "olifant",
        "userDefined": false
      }
    ],
    "isTemplate": false,
    "count": 0,
    "lang": "nl",
    "updated": 0
  },
  {
    "id": "5d785875-5795-46d7-b3bd-3d46ef2a0f22",
    "data": [
      {
        "text": "een",
        "meta": "@sys.number",
        "alias": "number",
        "userDefined": false
      },
      {
        "text": " draak",
        "userDefined": false
      }
    ],
    "isTemplate": false,
    "count": 0,
    "lang": "nl",
    "updated": 0
  },
  {
    "id": "7a63fd0e-e68a-470c-8df2-7a393a9beee6",
    "data": [
      {
        "text": "dinosaurus",
        "userDefined": false
      }
    ],
    "isTemplate": false,
    "count": 0,
    "lang": "nl",
    "updated": 0
  },
  {
    "id": "eb6d1c68-97db-4e42-9537-82f9a17042bf",
    "data": [
      {
        "text": "een",
        "meta": "@sys.number",
        "alias": "number",
        "userDefined": false
      },
      {
        "text": " tijger",
        "userDefined": false
      }
    ],
    "isTemplate": false,
    "count": 1,
    "lang": "nl",
    "updated": 0
  },
  {
    "id": "1acae000-0457-4550-9ceb-b3c121bdff63",
    "data": [
      {
        "text": "slang",
        "userDefined": false
      }
    ],
    "isTemplate": false,
    "count": 0,
    "lang": "nl",
    "updated": 0
  },
  {
    "id": "90a7cfa0-b96a-438a-9f75-43fcd1116dcc",
    "data": [
      {
        "text": "puppy",
        "userDefined": false
      }
    ],
    "isTemplate": false,
    "count": 0,
    "lang": "nl",
    "updated": 0
  },
  {
    "id": "63a4350f-6632-4250-a263-8e082d97600c",
    "data": [
      {
        "text": "poes",
        "meta": "@sys.last-name",
        "alias": "last-name",
        "userDefined": false
      }
    ],
    "isTemplate": false,
    "count": 0,
    "lang": "nl",
    "updated": 0
  },
  {
    "id": "0f7e4a74-98c0-4592-b2f9-4f25faa70560",
    "data": [
      {
        "text": "kat",
        "userDefined": false
      }
    ],
    "isTemplate": false,
    "count": 0,
    "lang": "nl",
    "updated": 0
  },
  {
    "id": "70a20891-6274-4178-932c-26fe3314fff2",
    "data": [
      {
        "text": "hond",
        "userDefined": false
      }
    ],
    "isTemplate": false,
    "count": 0,
    "lang": "nl",
    "updated": 0
  },
  {
    "id": "b3d5eb58-6f17-4b56-a7a2-b97612743c6c",
    "data": [
      {
        "text": "een bultrugwalvis",
        "userDefined": false
      }
    ],
    "isTemplate": false,
    "count": 0,
    "lang": "nl",
    "updated": 0
  },
  {
    "id": "5b5d94ec-2dd8-4d07-9865-33b455bc2f0b",
    "data": [
      {
        "text": "walvis",
        "meta": "@sys.location",
        "alias": "location",
        "userDefined": false
      }
    ],
    "isTemplate": false,
    "count": 0,
    "lang": "nl",
    "updated": 0
  },
  {
    "id": "a0ab45d7-a481-4c93-80ec-ea7e1c2a3d79",
    "data": [
      {
        "text": "haai",
        "userDefined": false
      }
    ],
    "isTemplate": false,
    "count": 0,
    "lang": "nl",
    "updated": 0
  },
  {
    "id": "43c3d34d-4b12-4b35-98c9-f4a771e04b64",
    "data": [
      {
        "text": "pinguin",
        "userDefined": false
      }
    ],
    "isTemplate": false,
    "count": 0,
    "lang": "nl",
    "updated": 0
  },
  {
    "id": "2505c861-ee83-422f-97a5-dbe5937e57b6",
    "data": [
      {
        "text": "cavia",
        "userDefined": false
      }
    ],
    "isTemplate": false,
    "count": 0,
    "lang": "nl",
    "updated": 0
  },
  {
    "id": "83176696-5eef-4c2f-b86b-7f13b7a48cb2",
    "data": [
      {
        "text": "mijn lievelingsdier is de ",
        "userDefined": false
      },
      {
        "text": "wolf",
        "userDefined": false
      }
    ],
    "isTemplate": false,
    "count": 0,
    "lang": "nl",
    "updated": 0
  },
  {
    "id": "9660e296-b184-458d-ae01-b1d1e571f3dc",
    "data": [
      {
        "text": "ik vind ",
        "userDefined": false
      },
      {
        "text": "een",
        "userDefined": false
      },
      {
        "text": " ",
        "userDefined": false
      },
      {
        "text": "mier",
        "userDefined": false
      },
      {
        "text": " heel cool",
        "userDefined": false
      }
    ],
    "isTemplate": false,
    "count": 0,
    "lang": "nl",
    "updated": 0
  },
  {
    "id": "2b3b95a9-f2a2-4dc7-8824-ffff195f3e82",
    "data": [
      {
        "text": "ik vind de ",
        "userDefined": false
      },
      {
        "text": "leeuw",
        "userDefined": false
      },
      {
        "text": " heel leuk",
        "userDefined": false
      }
    ],
    "isTemplate": false,
    "count": 0,
    "lang": "nl",
    "updated": 0
  },
  {
    "id": "f82579bc-f700-4aa9-8168-7dbadf2a4332",
    "data": [
      {
        "text": "een",
        "userDefined": false
      },
      {
        "text": " dolfijn",
        "userDefined": false
      }
    ],
    "isTemplate": false,
    "count": 0,
    "lang": "nl",
    "updated": 0
  },
  {
    "id": "a8aa3aeb-3fc9-47d4-86ea-e0c90a77ed7c",
    "data": [
      {
        "text": "Ik ",
        "userDefined": false
      },
      {
        "text": "denk",
        "userDefined": false
      },
      {
        "text": " wel ",
        "userDefined": false
      },
      {
        "text": "een",
        "userDefined": false
      },
      {
        "text": " pinguin",
        "userDefined": false
      }
    ],
    "isTemplate": false,
    "count": 0,
    "lang": "nl",
    "updated": 0
  },
  {
    "id": "7cf7ee2d-6361-441a-805a-13ea10af93d7",
    "data": [
      {
        "text": "Ja de haai",
        "userDefined": false
      }
    ],
    "isTemplate": false,
    "count": 0,
    "lang": "nl",
    "updated": 0
  }
]