[
  {
    "id": "3e140aba-21a6-452e-bb04-7a689da53f79",
    "data": [
      {
        "text": "wandelen en gamen",
        "userDefined": false
      }
    ],
    "isTemplate": false,
    "count": 0,
    "lang": "nl",
    "updated": 0
  },
  {
    "id": "be328f3b-52e7-42f2-adf3-d5d070a172b5",
    "data": [
      {
        "text": "fortnite",
        "userDefined": false
      }
    ],
    "isTemplate": false,
    "count": 0,
    "lang": "nl",
    "updated": 0
  },
  {
    "id": "a87e6525-b55c-4f96-9d9e-8e59493b551a",
    "data": [
      {
        "text": "roblox",
        "userDefined": false
      }
    ],
    "isTemplate": false,
    "count": 0,
    "lang": "nl",
    "updated": 0
  },
  {
    "id": "0652e1ef-f529-4e83-abb3-e6f542bd7a2e",
    "data": [
      {
        "text": "minecraft",
        "userDefined": false
      }
    ],
    "isTemplate": false,
    "count": 0,
    "lang": "nl",
    "updated": 0
  },
  {
    "id": "88d3512c-c0f4-4cc0-9ccf-2c520e611b1d",
    "data": [
      {
        "text": "gamen",
        "userDefined": false
      }
    ],
    "isTemplate": false,
    "count": 0,
    "lang": "nl",
    "updated": 0
  },
  {
    "id": "0cbac461-4393-49ec-9f89-803bf47608b8",
    "data": [
      {
        "text": "kerst",
        "meta": "@sys.person",
        "alias": "person",
        "userDefined": false
      }
    ],
    "isTemplate": false,
    "count": 0,
    "lang": "nl",
    "updated": 0
  },
  {
    "id": "f8dbdeb5-8616-498d-8803-7e38effa938b",
    "data": [
      {
        "text": "uit eten",
        "meta": "@sys.location",
        "alias": "location",
        "userDefined": false
      }
    ],
    "isTemplate": false,
    "count": 0,
    "lang": "nl",
    "updated": 0
  },
  {
    "id": "74f06dab-cd70-4cfb-9a79-ab45225e36cd",
    "data": [
      {
        "text": "eten",
        "meta": "@sys.location",
        "alias": "location",
        "userDefined": false
      }
    ],
    "isTemplate": false,
    "count": 0,
    "lang": "nl",
    "updated": 0
  },
  {
    "id": "e34913b3-57fa-470e-84bd-3fb8b329947d",
    "data": [
      {
        "text": "ski vakantie",
        "userDefined": false
      }
    ],
    "isTemplate": false,
    "count": 0,
    "lang": "nl",
    "updated": 0
  },
  {
    "id": "120c704a-414f-4654-90b6-8879ff5238bc",
    "data": [
      {
        "text": "skivakantie",
        "userDefined": false
      }
    ],
    "isTemplate": false,
    "count": 0,
    "lang": "nl",
    "updated": 0
  },
  {
    "id": "85f2abe6-0d2d-4cab-bb08-92b6c254d2a6",
    "data": [
      {
        "text": "op vakantie naar ",
        "userDefined": false
      },
      {
        "text": "londen",
        "meta": "@sys.person",
        "alias": "person",
        "userDefined": false
      }
    ],
    "isTemplate": false,
    "count": 0,
    "lang": "nl",
    "updated": 0
  },
  {
    "id": "1f40a7e7-ebb3-48f3-8800-2a060df42535",
    "data": [
      {
        "text": "op reis",
        "userDefined": false
      }
    ],
    "isTemplate": false,
    "count": 0,
    "lang": "nl",
    "updated": 0
  },
  {
    "id": "94ed4302-2784-4312-b93b-860ae2114e75",
    "data": [
      {
        "text": "reizen",
        "userDefined": false
      }
    ],
    "isTemplate": false,
    "count": 0,
    "lang": "nl",
    "updated": 0
  },
  {
    "id": "1f8eb5cb-a052-456c-b8a9-20afb49e83d7",
    "data": [
      {
        "text": "op vakantie",
        "userDefined": false
      }
    ],
    "isTemplate": false,
    "count": 0,
    "lang": "nl",
    "updated": 0
  },
  {
    "id": "a42da590-e3b4-4751-a234-38ad0e16844d",
    "data": [
      {
        "text": "afspreken",
        "userDefined": false
      }
    ],
    "isTemplate": false,
    "count": 0,
    "lang": "nl",
    "updated": 0
  },
  {
    "id": "8aa5d3e8-e441-4e9d-ae7d-b023137b663b",
    "data": [
      {
        "text": "logeren",
        "meta": "@sys.music-artist",
        "alias": "music-artist",
        "userDefined": false
      }
    ],
    "isTemplate": false,
    "count": 0,
    "lang": "nl",
    "updated": 0
  },
  {
    "id": "449d98b5-9dcb-4254-816f-88359d63d09e",
    "data": [
      {
        "text": "wintersport",
        "meta": "@sys.location",
        "alias": "location",
        "userDefined": false
      }
    ],
    "isTemplate": false,
    "count": 0,
    "lang": "nl",
    "updated": 0
  },
  {
    "id": "a8a7f7ee-ea66-4581-9fa1-3a83cdce2bb5",
    "data": [
      {
        "text": "snowboarden",
        "userDefined": false
      }
    ],
    "isTemplate": false,
    "count": 0,
    "lang": "nl",
    "updated": 0
  },
  {
    "id": "b2b6bee7-ea42-466e-9964-691e563284ca",
    "data": [
      {
        "text": "eten",
        "meta": "@sys.location",
        "alias": "location",
        "userDefined": false
      },
      {
        "text": " en spelen",
        "userDefined": false
      }
    ],
    "isTemplate": false,
    "count": 0,
    "lang": "nl",
    "updated": 0
  },
  {
    "id": "fb74caa8-db58-403f-9f4c-7783475b5bd7",
    "data": [
      {
        "text": "schaatsen",
        "userDefined": false
      }
    ],
    "isTemplate": false,
    "count": 0,
    "lang": "nl",
    "updated": 0
  },
  {
    "id": "99932c94-bcaf-4bf8-a282-9a25226990f5",
    "data": [
      {
        "text": "curacao",
        "meta": "@sys.location",
        "alias": "location",
        "userDefined": false
      }
    ],
    "isTemplate": false,
    "count": 0,
    "lang": "nl",
    "updated": 0
  },
  {
    "id": "e8dd428b-223c-4204-8cb4-5c57f1ed0df2",
    "data": [
      {
        "text": "zwitserland",
        "meta": "@sys.location",
        "alias": "location",
        "userDefined": false
      }
    ],
    "isTemplate": false,
    "count": 0,
    "lang": "nl",
    "updated": 0
  },
  {
    "id": "e540a522-2f12-45b2-898d-90cc349e4ca0",
    "data": [
      {
        "text": "gourmetten",
        "userDefined": false
      }
    ],
    "isTemplate": false,
    "count": 0,
    "lang": "nl",
    "updated": 0
  },
  {
    "id": "a39d5f0e-820f-4a52-8d82-cc6572435489",
    "data": [
      {
        "text": "kerst",
        "meta": "@sys.person",
        "alias": "person",
        "userDefined": false
      },
      {
        "text": " ",
        "userDefined": false
      },
      {
        "text": "vieren",
        "meta": "@sys.number",
        "alias": "number",
        "userDefined": false
      }
    ],
    "isTemplate": false,
    "count": 0,
    "lang": "nl",
    "updated": 0
  },
  {
    "id": "2d7cccff-87df-4daf-9a6e-cf7dc30a3d39",
    "data": [
      {
        "text": "naar ",
        "userDefined": false
      },
      {
        "text": "de bioscoop",
        "meta": "@sys.location",
        "alias": "location",
        "userDefined": false
      }
    ],
    "isTemplate": false,
    "count": 0,
    "lang": "nl",
    "updated": 0
  },
  {
    "id": "3660e958-aaec-4942-bdf4-bbf052914d04",
    "data": [
      {
        "text": "films kijken",
        "userDefined": false
      }
    ],
    "isTemplate": false,
    "count": 0,
    "lang": "nl",
    "updated": 0
  },
  {
    "id": "bc76af79-da1d-4780-aca8-019da24c712c",
    "data": [
      {
        "text": "we gaan naar ",
        "userDefined": false
      },
      {
        "text": "frankrijk",
        "meta": "@sys.location",
        "alias": "location",
        "userDefined": false
      }
    ],
    "isTemplate": false,
    "count": 0,
    "lang": "nl",
    "updated": 0
  },
  {
    "id": "29011649-8a3f-4235-848a-9484fa1badf0",
    "data": [
      {
        "text": "we gaan skiien",
        "userDefined": false
      }
    ],
    "isTemplate": false,
    "count": 0,
    "lang": "nl",
    "updated": 0
  }
]