[
  {
    "id": "adb16a7a-a968-47a8-921e-4eff1dd11f0f",
    "data": [
      {
        "text": "vos",
        "meta": "@sys.person",
        "alias": "person",
        "userDefined": false
      }
    ],
    "isTemplate": false,
    "count": 1,
    "lang": "nl",
    "updated": 0
  },
  {
    "id": "e8b1a79b-c0a9-4efa-911f-ec72300f4092",
    "data": [
      {
        "text": "vogelbekdier",
        "userDefined": false
      }
    ],
    "isTemplate": false,
    "count": 0,
    "lang": "nl",
    "updated": 0
  },
  {
    "id": "60e1d617-528c-4242-a6f2-b6a309dbd00d",
    "data": [
      {
        "text": "aap",
        "meta": "@sys.location",
        "alias": "location",
        "userDefined": false
      }
    ],
    "isTemplate": false,
    "count": 0,
    "lang": "nl",
    "updated": 0
  },
  {
    "id": "376d5904-0332-4ca9-973d-6082ececffba",
    "data": [
      {
        "text": "luiaard",
        "userDefined": false
      }
    ],
    "isTemplate": false,
    "count": 0,
    "lang": "nl",
    "updated": 0
  },
  {
    "id": "4233679a-a8f9-4dc0-9a62-aa41de650d79",
    "data": [
      {
        "text": "cobra",
        "meta": "@sys.location",
        "alias": "location",
        "userDefined": false
      }
    ],
    "isTemplate": false,
    "count": 0,
    "lang": "nl",
    "updated": 0
  },
  {
    "id": "9dbfd0a2-6aa0-4e2c-91bd-7131ea66b50e",
    "data": [
      {
        "text": "antilope",
        "meta": "@sys.location",
        "alias": "location",
        "userDefined": false
      }
    ],
    "isTemplate": false,
    "count": 0,
    "lang": "nl",
    "updated": 0
  },
  {
    "id": "d1d023d7-e9e0-4494-9c33-d0c7d2f55ce5",
    "data": [
      {
        "text": "neushoorn",
        "meta": "@sys.location",
        "alias": "location",
        "userDefined": false
      }
    ],
    "isTemplate": false,
    "count": 0,
    "lang": "nl",
    "updated": 0
  },
  {
    "id": "20117b32-058d-4e3f-9729-fa2c8000353c",
    "data": [
      {
        "text": "flamingo",
        "userDefined": false
      }
    ],
    "isTemplate": false,
    "count": 0,
    "lang": "nl",
    "updated": 0
  },
  {
    "id": "bf7005c2-15ba-4ada-80a4-38a79666851e",
    "data": [
      {
        "text": "vogel",
        "meta": "@sys.person",
        "alias": "person",
        "userDefined": false
      }
    ],
    "isTemplate": false,
    "count": 0,
    "lang": "nl",
    "updated": 0
  },
  {
    "id": "0482465f-c98c-4f73-ba23-6ee5fbc4f7b7",
    "data": [
      {
        "text": "kanarie",
        "userDefined": false
      }
    ],
    "isTemplate": false,
    "count": 0,
    "lang": "nl",
    "updated": 0
  },
  {
    "id": "c2950b17-655c-44bb-ab26-5e1e63e60d2d",
    "data": [
      {
        "text": "uil",
        "userDefined": false
      }
    ],
    "isTemplate": false,
    "count": 0,
    "lang": "nl",
    "updated": 0
  },
  {
    "id": "9041e77c-d3f2-40c0-97fd-b665ac5964bb",
    "data": [
      {
        "text": "panda",
        "userDefined": false
      }
    ],
    "isTemplate": false,
    "count": 0,
    "lang": "nl",
    "updated": 0
  },
  {
    "id": "37016c20-98f4-4a48-b855-b4520126c81a",
    "data": [
      {
        "text": "rups",
        "userDefined": false
      }
    ],
    "isTemplate": false,
    "count": 0,
    "lang": "nl",
    "updated": 0
  },
  {
    "id": "cf0c10ce-da3e-4014-91fe-2488826a594b",
    "data": [
      {
        "text": "maki",
        "meta": "@sys.person",
        "alias": "person",
        "userDefined": false
      }
    ],
    "isTemplate": false,
    "count": 0,
    "lang": "nl",
    "updated": 0
  },
  {
    "id": "b01638cd-c2e0-46af-984c-d7e1b2c2141f",
    "data": [
      {
        "text": "paardrat",
        "userDefined": false
      }
    ],
    "isTemplate": false,
    "count": 0,
    "lang": "nl",
    "updated": 0
  },
  {
    "id": "ecf25251-ec0f-4dab-9de6-2dfd81b93060",
    "data": [
      {
        "text": "paard",
        "meta": "@sys.location",
        "alias": "location",
        "userDefined": false
      }
    ],
    "isTemplate": false,
    "count": 0,
    "lang": "nl",
    "updated": 0
  },
  {
    "id": "862ce72f-e85e-4fd4-af38-3723b907bcf2",
    "data": [
      {
        "text": "koe",
        "userDefined": false
      }
    ],
    "isTemplate": false,
    "count": 0,
    "lang": "nl",
    "updated": 0
  },
  {
    "id": "20488e3d-eb75-4195-8142-73e659b053dd",
    "data": [
      {
        "text": "dino",
        "meta": "@sys.person",
        "alias": "person",
        "userDefined": false
      }
    ],
    "isTemplate": false,
    "count": 0,
    "lang": "nl",
    "updated": 0
  },
  {
    "id": "176b0efa-735b-468b-abe4-5ca4a3934d73",
    "data": [
      {
        "text": "olifant",
        "userDefined": false
      }
    ],
    "isTemplate": false,
    "count": 0,
    "lang": "nl",
    "updated": 0
  },
  {
    "id": "201f11dd-bc5e-443e-a143-13e5250d9137",
    "data": [
      {
        "text": "een",
        "meta": "@sys.number",
        "alias": "number",
        "userDefined": false
      },
      {
        "text": " draak",
        "userDefined": false
      }
    ],
    "isTemplate": false,
    "count": 0,
    "lang": "nl",
    "updated": 0
  },
  {
    "id": "a89811c0-4812-4584-a018-5396eab50974",
    "data": [
      {
        "text": "dinosaurus",
        "userDefined": false
      }
    ],
    "isTemplate": false,
    "count": 0,
    "lang": "nl",
    "updated": 0
  },
  {
    "id": "56119330-77ae-4be2-bf0e-a04723c3c039",
    "data": [
      {
        "text": "een",
        "meta": "@sys.number",
        "alias": "number",
        "userDefined": false
      },
      {
        "text": " tijger",
        "userDefined": false
      }
    ],
    "isTemplate": false,
    "count": 0,
    "lang": "nl",
    "updated": 0
  },
  {
    "id": "9c5ea4fe-9145-4f08-b368-d118d360b4a8",
    "data": [
      {
        "text": "slang",
        "userDefined": false
      }
    ],
    "isTemplate": false,
    "count": 0,
    "lang": "nl",
    "updated": 0
  },
  {
    "id": "cfc1491d-c18c-418c-8956-e2eb4c659193",
    "data": [
      {
        "text": "puppy",
        "userDefined": false
      }
    ],
    "isTemplate": false,
    "count": 0,
    "lang": "nl",
    "updated": 0
  },
  {
    "id": "62d426ea-8c36-48a7-8959-4e8d26f71c69",
    "data": [
      {
        "text": "poes",
        "meta": "@sys.person",
        "alias": "person",
        "userDefined": false
      }
    ],
    "isTemplate": false,
    "count": 0,
    "lang": "nl",
    "updated": 0
  },
  {
    "id": "fcd7aec8-1ebc-4ff0-a981-a0083faa06f0",
    "data": [
      {
        "text": "kat",
        "userDefined": false
      }
    ],
    "isTemplate": false,
    "count": 0,
    "lang": "nl",
    "updated": 0
  },
  {
    "id": "2320f137-5902-4101-9735-e7e3dd28ea9c",
    "data": [
      {
        "text": "hond",
        "userDefined": false
      }
    ],
    "isTemplate": false,
    "count": 0,
    "lang": "nl",
    "updated": 0
  },
  {
    "id": "46b3a306-17fe-4bb9-909e-8ba36c76f18c",
    "data": [
      {
        "text": "een",
        "meta": "@sys.number",
        "alias": "number",
        "userDefined": false
      },
      {
        "text": " bultrugwalvis",
        "userDefined": false
      }
    ],
    "isTemplate": false,
    "count": 0,
    "lang": "nl",
    "updated": 0
  },
  {
    "id": "037e9f8c-a089-448f-83aa-d53e32a70977",
    "data": [
      {
        "text": "walvis",
        "meta": "@sys.location",
        "alias": "location",
        "userDefined": false
      }
    ],
    "isTemplate": false,
    "count": 0,
    "lang": "nl",
    "updated": 0
  },
  {
    "id": "bdf8cccc-a3cf-4d83-93b3-b27ebbfbd2c7",
    "data": [
      {
        "text": "haai",
        "userDefined": false
      }
    ],
    "isTemplate": false,
    "count": 0,
    "lang": "nl",
    "updated": 0
  },
  {
    "id": "9c3d8a73-212c-425b-ba0d-5b7410bf66b0",
    "data": [
      {
        "text": "pinguin",
        "userDefined": false
      }
    ],
    "isTemplate": false,
    "count": 0,
    "lang": "nl",
    "updated": 0
  },
  {
    "id": "a96d10c9-fac8-4d3b-a6b3-b79538994595",
    "data": [
      {
        "text": "cavia",
        "meta": "@sys.geo-city",
        "alias": "geo-city",
        "userDefined": false
      }
    ],
    "isTemplate": false,
    "count": 0,
    "lang": "nl",
    "updated": 0
  },
  {
    "id": "638abc6d-727a-40d7-bc31-88d3dcb79ba4",
    "data": [
      {
        "text": "mijn lievelingsdier is de ",
        "userDefined": false
      },
      {
        "text": "wolf",
        "meta": "@sys.person",
        "alias": "person",
        "userDefined": false
      }
    ],
    "isTemplate": false,
    "count": 0,
    "lang": "nl",
    "updated": 0
  },
  {
    "id": "859c79cf-b2f5-4811-88c7-e7dc8dd303de",
    "data": [
      {
        "text": "ik vind ",
        "userDefined": false
      },
      {
        "text": "een",
        "meta": "@sys.number",
        "alias": "number",
        "userDefined": false
      },
      {
        "text": " ",
        "userDefined": false
      },
      {
        "text": "mier",
        "meta": "@sys.person",
        "alias": "person",
        "userDefined": false
      },
      {
        "text": " heel cool",
        "userDefined": false
      }
    ],
    "isTemplate": false,
    "count": 0,
    "lang": "nl",
    "updated": 0
  },
  {
    "id": "b52f4953-15e2-40c2-8abc-f7cfe97e7109",
    "data": [
      {
        "text": "ik vind de ",
        "userDefined": false
      },
      {
        "text": "leeuw",
        "meta": "@sys.person",
        "alias": "person",
        "userDefined": false
      },
      {
        "text": " heel leuk",
        "userDefined": false
      }
    ],
    "isTemplate": false,
    "count": 0,
    "lang": "nl",
    "updated": 0
  },
  {
    "id": "d3949ad7-c5fe-4d53-b5ae-b4da97cc0051",
    "data": [
      {
        "text": "een",
        "meta": "@sys.number",
        "alias": "number",
        "userDefined": false
      },
      {
        "text": " dolfijn",
        "userDefined": false
      }
    ],
    "isTemplate": false,
    "count": 0,
    "lang": "nl",
    "updated": 0
  },
  {
    "id": "02b7ff5b-eebe-4e64-9b93-f7c0ff072bf0",
    "data": [
      {
        "text": "ik ",
        "userDefined": false
      },
      {
        "text": "denk",
        "meta": "@sys.person",
        "alias": "person",
        "userDefined": false
      },
      {
        "text": " wel ",
        "userDefined": false
      },
      {
        "text": "een",
        "meta": "@sys.number",
        "alias": "number",
        "userDefined": false
      },
      {
        "text": " pinguin",
        "userDefined": false
      }
    ],
    "isTemplate": false,
    "count": 0,
    "lang": "nl",
    "updated": 0
  },
  {
    "id": "e86fa847-d541-4282-ab35-42b1f0693f38",
    "data": [
      {
        "text": "ja de haai",
        "userDefined": false
      }
    ],
    "isTemplate": false,
    "count": 0,
    "lang": "nl",
    "updated": 0
  }
]