[
  {
    "id": "c8749d90-4993-45b1-9543-09dd11553871",
    "data": [
      {
        "text": "dat is ",
        "userDefined": false
      },
      {
        "text": "rood",
        "meta": "@Kleur",
        "alias": "kleur",
        "userDefined": false
      }
    ],
    "isTemplate": false,
    "count": 0,
    "lang": "nl",
    "updated": 0
  },
  {
    "id": "8e0fb41f-e651-474c-b4e8-2c390484dc94",
    "data": [
      {
        "text": "lichtblauw",
        "meta": "@Kleur",
        "alias": "kleur",
        "userDefined": false
      }
    ],
    "isTemplate": false,
    "count": 0,
    "lang": "nl",
    "updated": 0
  },
  {
    "id": "905c9818-2d9e-4b48-8eec-4543521fb183",
    "data": [
      {
        "text": "licht groen",
        "meta": "@Kleur",
        "alias": "kleur",
        "userDefined": false
      }
    ],
    "isTemplate": false,
    "count": 1,
    "lang": "nl",
    "updated": 0
  },
  {
    "id": "9d4af1a6-4717-4542-a899-7d0a23424ce1",
    "data": [
      {
        "text": "ik vind ",
        "userDefined": false
      },
      {
        "text": "blauw",
        "meta": "@Kleur",
        "alias": "kleur",
        "userDefined": false
      },
      {
        "text": " heel mooi",
        "userDefined": false
      }
    ],
    "isTemplate": false,
    "count": 0,
    "lang": "nl",
    "updated": 0
  },
  {
    "id": "51099e94-5a41-4001-bffc-628880cd2f80",
    "data": [
      {
        "text": "mijn lievelinsgskleur is ",
        "userDefined": false
      },
      {
        "text": "licht grijs",
        "meta": "@Kleur",
        "alias": "kleur",
        "userDefined": false
      }
    ],
    "isTemplate": false,
    "count": 0,
    "lang": "nl",
    "updated": 0
  },
  {
    "id": "7b40fafa-5952-477a-87b3-b67ad4a97634",
    "data": [
      {
        "text": "rood",
        "meta": "@Kleur",
        "alias": "kleur",
        "userDefined": false
      }
    ],
    "isTemplate": false,
    "count": 0,
    "lang": "nl",
    "updated": 0
  }
]