[
  {
    "id": "24873814-ba74-469d-95cc-a1f237d08e02",
    "data": [
      {
        "text": "dat weet ik nog niet",
        "userDefined": false
      }
    ],
    "isTemplate": false,
    "count": 0,
    "lang": "nl",
    "updated": 0
  },
  {
    "id": "197ac0da-f93c-4a3e-90ea-b436b33aab52",
    "data": [
      {
        "text": "weet ik niet",
        "userDefined": false
      }
    ],
    "isTemplate": false,
    "count": 0,
    "lang": "nl",
    "updated": 0
  },
  {
    "id": "09e624ca-f7c6-47f0-9fac-0f160dcf2b77",
    "data": [
      {
        "text": "heb ik niet",
        "userDefined": false
      }
    ],
    "isTemplate": false,
    "count": 0,
    "lang": "nl",
    "updated": 0
  },
  {
    "id": "fc47d168-1016-4fc2-815e-29a41940ab10",
    "data": [
      {
        "text": "geen idee",
        "userDefined": false
      }
    ],
    "isTemplate": false,
    "count": 0,
    "lang": "nl",
    "updated": 0
  },
  {
    "id": "7060217c-cf05-459e-bcf1-e46bcdd9c409",
    "data": [
      {
        "text": "ik heb er geen",
        "userDefined": false
      }
    ],
    "isTemplate": false,
    "count": 0,
    "lang": "nl",
    "updated": 0
  },
  {
    "id": "a8f88c9c-4bf8-46bb-b777-381a56878f70",
    "data": [
      {
        "text": "moet ik over nadenken",
        "userDefined": false
      }
    ],
    "isTemplate": false,
    "count": 0,
    "lang": "nl",
    "updated": 0
  }
]