[
  {
    "id": "fc1ba509-f776-4ee0-a475-f36258fd9612",
    "data": [
      {
        "text": "donkerblauw",
        "meta": "@Kleur",
        "alias": "Kleur",
        "userDefined": true
      }
    ],
    "isTemplate": false,
    "count": 0,
    "lang": "nl",
    "updated": 0
  },
  {
    "id": "10701bdd-4ea2-4253-9e45-f43eb78e9d7b",
    "data": [
      {
        "text": "oranje",
        "meta": "@Kleur",
        "alias": "Kleur",
        "userDefined": false
      }
    ],
    "isTemplate": false,
    "count": 0,
    "lang": "nl",
    "updated": 0
  },
  {
    "id": "1ff170d2-393f-43d0-bf8a-778b8853f8aa",
    "data": [
      {
        "text": "dat is ",
        "userDefined": false
      },
      {
        "text": "zwart",
        "meta": "@Kleur",
        "alias": "Kleur",
        "userDefined": false
      }
    ],
    "isTemplate": false,
    "count": 0,
    "lang": "nl",
    "updated": 0
  },
  {
    "id": "e9afd556-d220-481e-a5f7-f9d9635f09aa",
    "data": [
      {
        "text": "lichtblauw",
        "meta": "@Kleur",
        "alias": "Kleur",
        "userDefined": false
      }
    ],
    "isTemplate": false,
    "count": 0,
    "lang": "nl",
    "updated": 0
  },
  {
    "id": "85ab0b9a-bfc2-4ce7-9734-3a66847bfc1d",
    "data": [
      {
        "text": "Licht groen",
        "meta": "@Kleur",
        "alias": "Kleur",
        "userDefined": false
      }
    ],
    "isTemplate": false,
    "count": 0,
    "lang": "nl",
    "updated": 0
  },
  {
    "id": "17501aec-3a97-4987-9ffc-540113f58f14",
    "data": [
      {
        "text": "Ik vind ",
        "userDefined": false
      },
      {
        "text": "blauw",
        "meta": "@Kleur",
        "alias": "Kleur",
        "userDefined": false
      },
      {
        "text": " heel mooi",
        "userDefined": false
      }
    ],
    "isTemplate": false,
    "count": 0,
    "lang": "nl",
    "updated": 0
  },
  {
    "id": "4b879edd-5b5c-44a3-a02f-cd8103408655",
    "data": [
      {
        "text": "Mijn lievelingskleur is ",
        "userDefined": false
      },
      {
        "text": "paars",
        "meta": "@Kleur",
        "alias": "Kleur",
        "userDefined": false
      }
    ],
    "isTemplate": false,
    "count": 0,
    "lang": "nl",
    "updated": 0
  },
  {
    "id": "78a20eaf-86a3-4864-b47c-89a692aa072e",
    "data": [
      {
        "text": "Rood",
        "meta": "@Kleur",
        "alias": "Kleur",
        "userDefined": false
      }
    ],
    "isTemplate": false,
    "count": 0,
    "lang": "nl",
    "updated": 0
  }
]