[
  {
    "id": "10952d02-3b8b-44dd-858e-61ad2ee2ca9f",
    "data": [
      {
        "text": "vos",
        "meta": "@sys.person",
        "alias": "person",
        "userDefined": false
      }
    ],
    "isTemplate": false,
    "count": 0,
    "lang": "nl",
    "updated": 0
  },
  {
    "id": "f0d7a200-e267-4abb-907c-038eeab2f01f",
    "data": [
      {
        "text": "vogelbekdier",
        "userDefined": false
      }
    ],
    "isTemplate": false,
    "count": 0,
    "lang": "nl",
    "updated": 0
  },
  {
    "id": "686c00d8-062d-4d2b-a433-362e76441882",
    "data": [
      {
        "text": "aap",
        "meta": "@sys.location",
        "alias": "location",
        "userDefined": false
      }
    ],
    "isTemplate": false,
    "count": 0,
    "lang": "nl",
    "updated": 0
  },
  {
    "id": "9e00820f-3059-47e4-92bb-13ff54e45419",
    "data": [
      {
        "text": "luiaard",
        "userDefined": false
      }
    ],
    "isTemplate": false,
    "count": 0,
    "lang": "nl",
    "updated": 0
  },
  {
    "id": "85fb1cc4-a2ac-482f-a862-27ae525c70df",
    "data": [
      {
        "text": "cobra",
        "meta": "@sys.location",
        "alias": "location",
        "userDefined": false
      }
    ],
    "isTemplate": false,
    "count": 0,
    "lang": "nl",
    "updated": 0
  },
  {
    "id": "6895c163-4fe7-4e89-893b-50b7247d6965",
    "data": [
      {
        "text": "antilope",
        "meta": "@sys.location",
        "alias": "location",
        "userDefined": false
      }
    ],
    "isTemplate": false,
    "count": 0,
    "lang": "nl",
    "updated": 0
  },
  {
    "id": "53763101-42d7-444e-bf0d-caa5e50b666f",
    "data": [
      {
        "text": "neushoorn",
        "meta": "@sys.location",
        "alias": "location",
        "userDefined": false
      }
    ],
    "isTemplate": false,
    "count": 0,
    "lang": "nl",
    "updated": 0
  },
  {
    "id": "3c6b5218-e0f7-4700-a805-743a49512c61",
    "data": [
      {
        "text": "flamingo",
        "userDefined": false
      }
    ],
    "isTemplate": false,
    "count": 0,
    "lang": "nl",
    "updated": 0
  },
  {
    "id": "64e1daad-c057-415a-94ef-edabc7b96c62",
    "data": [
      {
        "text": "vogel",
        "meta": "@sys.person",
        "alias": "person",
        "userDefined": false
      }
    ],
    "isTemplate": false,
    "count": 0,
    "lang": "nl",
    "updated": 0
  },
  {
    "id": "b4af984d-72fe-4aae-b61a-48840e30e03a",
    "data": [
      {
        "text": "kanarie",
        "userDefined": false
      }
    ],
    "isTemplate": false,
    "count": 0,
    "lang": "nl",
    "updated": 0
  },
  {
    "id": "964abae0-eb48-4f40-b75e-b6deaf1d7be6",
    "data": [
      {
        "text": "uil",
        "userDefined": false
      }
    ],
    "isTemplate": false,
    "count": 0,
    "lang": "nl",
    "updated": 0
  },
  {
    "id": "7687db4d-257c-4a9a-b337-7ed5cee696b4",
    "data": [
      {
        "text": "panda",
        "userDefined": false
      }
    ],
    "isTemplate": false,
    "count": 0,
    "lang": "nl",
    "updated": 0
  },
  {
    "id": "f61351ee-5120-4122-ab7e-f985a16db5e9",
    "data": [
      {
        "text": "rups",
        "userDefined": false
      }
    ],
    "isTemplate": false,
    "count": 0,
    "lang": "nl",
    "updated": 0
  },
  {
    "id": "c563c573-e4b5-49e8-90e7-f6b7740b3f0a",
    "data": [
      {
        "text": "maki",
        "meta": "@sys.person",
        "alias": "person",
        "userDefined": false
      }
    ],
    "isTemplate": false,
    "count": 0,
    "lang": "nl",
    "updated": 0
  },
  {
    "id": "5acb43a3-0165-4662-be7c-732039ac98a3",
    "data": [
      {
        "text": "rat",
        "userDefined": false
      }
    ],
    "isTemplate": false,
    "count": 0,
    "lang": "nl",
    "updated": 0
  },
  {
    "id": "d98d4de1-9240-4c35-931f-c933d9b102c1",
    "data": [
      {
        "text": "paard",
        "meta": "@sys.location",
        "alias": "location",
        "userDefined": false
      }
    ],
    "isTemplate": false,
    "count": 0,
    "lang": "nl",
    "updated": 0
  },
  {
    "id": "e517857f-d20a-4664-9ed3-83c30c1b5b31",
    "data": [
      {
        "text": "koe",
        "userDefined": false
      }
    ],
    "isTemplate": false,
    "count": 0,
    "lang": "nl",
    "updated": 0
  },
  {
    "id": "6523974e-4e41-4a90-8a09-2620af8ab506",
    "data": [
      {
        "text": "dino",
        "meta": "@sys.person",
        "alias": "person",
        "userDefined": false
      }
    ],
    "isTemplate": false,
    "count": 0,
    "lang": "nl",
    "updated": 0
  },
  {
    "id": "0f043744-61d0-4553-b51c-2dba8798bae2",
    "data": [
      {
        "text": "olifant",
        "userDefined": false
      }
    ],
    "isTemplate": false,
    "count": 0,
    "lang": "nl",
    "updated": 0
  },
  {
    "id": "c246bf27-ebbf-49c5-ba9e-72661d66b998",
    "data": [
      {
        "text": "een",
        "meta": "@sys.number",
        "alias": "number",
        "userDefined": false
      },
      {
        "text": " draak",
        "userDefined": false
      }
    ],
    "isTemplate": false,
    "count": 0,
    "lang": "nl",
    "updated": 0
  },
  {
    "id": "a4cf5370-f177-4aa4-bd4c-d5903f0e2bbe",
    "data": [
      {
        "text": "dinosaurus",
        "userDefined": false
      }
    ],
    "isTemplate": false,
    "count": 0,
    "lang": "nl",
    "updated": 0
  },
  {
    "id": "1296cb0d-736d-462b-b1a1-e7a3cdb1f3bc",
    "data": [
      {
        "text": "een",
        "meta": "@sys.number",
        "alias": "number",
        "userDefined": false
      },
      {
        "text": " tijger",
        "userDefined": false
      }
    ],
    "isTemplate": false,
    "count": 0,
    "lang": "nl",
    "updated": 0
  },
  {
    "id": "26b5e14f-9bf9-458e-bde1-83dd0de5d124",
    "data": [
      {
        "text": "slang",
        "userDefined": false
      }
    ],
    "isTemplate": false,
    "count": 0,
    "lang": "nl",
    "updated": 0
  },
  {
    "id": "9b475855-93f9-4f90-a4df-8b7520d880d3",
    "data": [
      {
        "text": "puppy",
        "userDefined": false
      }
    ],
    "isTemplate": false,
    "count": 0,
    "lang": "nl",
    "updated": 0
  },
  {
    "id": "87f80f67-f4e1-4222-a82f-34f37b21bdab",
    "data": [
      {
        "text": "poes",
        "meta": "@sys.person",
        "alias": "person",
        "userDefined": false
      }
    ],
    "isTemplate": false,
    "count": 0,
    "lang": "nl",
    "updated": 0
  },
  {
    "id": "11612282-0b8d-466e-860d-f7320bf0dcee",
    "data": [
      {
        "text": "kat",
        "userDefined": false
      }
    ],
    "isTemplate": false,
    "count": 0,
    "lang": "nl",
    "updated": 0
  },
  {
    "id": "616fb57f-0b6f-45ff-b7bf-a3d74d65aa49",
    "data": [
      {
        "text": "hond",
        "userDefined": false
      }
    ],
    "isTemplate": false,
    "count": 0,
    "lang": "nl",
    "updated": 0
  },
  {
    "id": "d6930308-3186-47ce-b716-61e73fdd267b",
    "data": [
      {
        "text": "een",
        "meta": "@sys.number",
        "alias": "number",
        "userDefined": false
      },
      {
        "text": " bultrugwalvis",
        "userDefined": false
      }
    ],
    "isTemplate": false,
    "count": 0,
    "lang": "nl",
    "updated": 0
  },
  {
    "id": "19d21e02-0c93-4048-8224-dc55c58e0b1d",
    "data": [
      {
        "text": "walvis",
        "meta": "@sys.location",
        "alias": "location",
        "userDefined": false
      }
    ],
    "isTemplate": false,
    "count": 0,
    "lang": "nl",
    "updated": 0
  },
  {
    "id": "0040fc3e-2df4-4ed5-bb8c-ee7ed5b92740",
    "data": [
      {
        "text": "haai",
        "userDefined": false
      }
    ],
    "isTemplate": false,
    "count": 0,
    "lang": "nl",
    "updated": 0
  },
  {
    "id": "27be4a4f-6457-4101-9df7-6ddc662ab9c7",
    "data": [
      {
        "text": "mijn favoriete dier is ",
        "userDefined": false
      },
      {
        "text": "een",
        "meta": "@sys.number",
        "alias": "number",
        "userDefined": false
      },
      {
        "text": " haai",
        "userDefined": false
      }
    ],
    "isTemplate": false,
    "count": 0,
    "lang": "nl",
    "updated": 0
  },
  {
    "id": "6fcf9f33-5ea9-4a0f-b248-8da2ca03af4e",
    "data": [
      {
        "text": "pinguin",
        "userDefined": false
      }
    ],
    "isTemplate": false,
    "count": 0,
    "lang": "nl",
    "updated": 0
  },
  {
    "id": "2f452f73-c5f5-428b-9fae-16cc78586918",
    "data": [
      {
        "text": "cavia",
        "meta": "@sys.geo-city",
        "alias": "geo-city",
        "userDefined": false
      }
    ],
    "isTemplate": false,
    "count": 0,
    "lang": "nl",
    "updated": 0
  },
  {
    "id": "7aff831b-55a6-40bf-884e-4849ecf028df",
    "data": [
      {
        "text": "mijn lievelingsdier is de ",
        "userDefined": false
      },
      {
        "text": "wolf",
        "meta": "@sys.person",
        "alias": "person",
        "userDefined": false
      }
    ],
    "isTemplate": false,
    "count": 0,
    "lang": "nl",
    "updated": 0
  },
  {
    "id": "c01e3b8e-a5ab-4d11-be19-2a7229220f7c",
    "data": [
      {
        "text": "ik vind ",
        "userDefined": false
      },
      {
        "text": "een",
        "meta": "@sys.number",
        "alias": "number",
        "userDefined": false
      },
      {
        "text": " ",
        "userDefined": false
      },
      {
        "text": "mier",
        "meta": "@sys.person",
        "alias": "person",
        "userDefined": false
      },
      {
        "text": " heel cool",
        "userDefined": false
      }
    ],
    "isTemplate": false,
    "count": 0,
    "lang": "nl",
    "updated": 0
  },
  {
    "id": "1a12f653-0aa6-4c7a-a3d7-8261cb2b38ea",
    "data": [
      {
        "text": "ik vind de ",
        "userDefined": false
      },
      {
        "text": "leeuw",
        "meta": "@sys.person",
        "alias": "person",
        "userDefined": false
      },
      {
        "text": " heel leuk",
        "userDefined": false
      }
    ],
    "isTemplate": false,
    "count": 0,
    "lang": "nl",
    "updated": 0
  },
  {
    "id": "22ed75bb-f196-4c3a-ab2d-9cf363d1f937",
    "data": [
      {
        "text": "een",
        "meta": "@sys.number",
        "alias": "number",
        "userDefined": false
      },
      {
        "text": " dolfijn",
        "userDefined": false
      }
    ],
    "isTemplate": false,
    "count": 0,
    "lang": "nl",
    "updated": 0
  },
  {
    "id": "9dc65a38-620d-40a7-b415-80d6c6ef8518",
    "data": [
      {
        "text": "ik ",
        "userDefined": false
      },
      {
        "text": "dnek",
        "meta": "@sys.airport",
        "alias": "airport",
        "userDefined": false
      },
      {
        "text": " wel ",
        "userDefined": false
      },
      {
        "text": "een",
        "meta": "@sys.number",
        "alias": "number",
        "userDefined": false
      },
      {
        "text": " pinguin",
        "userDefined": false
      }
    ],
    "isTemplate": false,
    "count": 0,
    "lang": "nl",
    "updated": 0
  },
  {
    "id": "2305d827-a48e-4fbe-9a28-cc2ba3ec97c7",
    "data": [
      {
        "text": "Ja de haai",
        "userDefined": false
      }
    ],
    "isTemplate": false,
    "count": 0,
    "lang": "nl",
    "updated": 0
  }
]