[
  {
    "id": "229168cd-3141-425d-a616-c065d0d79aab",
    "data": [
      {
        "text": "gaat wel",
        "userDefined": false
      }
    ],
    "isTemplate": false,
    "count": 0,
    "lang": "nl",
    "updated": 0
  },
  {
    "id": "5ad90883-f209-457f-94ee-515bd6b116ad",
    "data": [
      {
        "text": "het gaat",
        "userDefined": false
      }
    ],
    "isTemplate": false,
    "count": 0,
    "lang": "nl",
    "updated": 0
  },
  {
    "id": "15d75495-c777-4386-a993-810de2bffc25",
    "data": [
      {
        "text": "Het gaat ",
        "userDefined": false
      },
      {
        "text": "goed",
        "meta": "@hoegaatgoed",
        "alias": "hoegaatgoed",
        "userDefined": false
      },
      {
        "text": " met mij",
        "userDefined": false
      }
    ],
    "isTemplate": false,
    "count": 0,
    "lang": "nl",
    "updated": 0
  },
  {
    "id": "ec083c39-a1f9-4747-83a0-71d2b73ce7f6",
    "data": [
      {
        "text": "Ik ben heel ",
        "userDefined": false
      },
      {
        "text": "vrolijk",
        "meta": "@hoegaatgoed",
        "alias": "hoegaatgoed",
        "userDefined": false
      }
    ],
    "isTemplate": false,
    "count": 0,
    "lang": "nl",
    "updated": 0
  },
  {
    "id": "211ad303-2398-4e70-8faa-7a60d077678b",
    "data": [
      {
        "text": "Wel ",
        "userDefined": false
      },
      {
        "text": "oke",
        "meta": "@hoegaatgoed",
        "alias": "hoegaatgoed",
        "userDefined": false
      }
    ],
    "isTemplate": false,
    "count": 0,
    "lang": "nl",
    "updated": 0
  },
  {
    "id": "28e73b4b-e2f0-4332-ba3d-c26fa5bbb15b",
    "data": [
      {
        "text": "Prima",
        "meta": "@hoegaatgoed",
        "alias": "hoegaatgoed",
        "userDefined": false
      }
    ],
    "isTemplate": false,
    "count": 0,
    "lang": "nl",
    "updated": 0
  },
  {
    "id": "fc2ded35-6b6f-4ccc-8b4a-9bb8c5d19e59",
    "data": [
      {
        "text": "Goed",
        "meta": "@hoegaatgoed",
        "alias": "hoegaatgoed",
        "userDefined": false
      }
    ],
    "isTemplate": false,
    "count": 0,
    "lang": "nl",
    "updated": 0
  }
]