[
  {
    "id": "1304ab6a-26ab-49ed-a3d3-2a13e35e1011",
    "data": [
      {
        "text": "dat weet ik nog niet",
        "userDefined": false
      }
    ],
    "isTemplate": false,
    "count": 0,
    "lang": "nl",
    "updated": 0
  },
  {
    "id": "3d58a6db-92a3-46e3-a22f-295c32f9f27a",
    "data": [
      {
        "text": "moet ik over nadenken",
        "userDefined": false
      }
    ],
    "isTemplate": false,
    "count": 0,
    "lang": "nl",
    "updated": 0
  },
  {
    "id": "b3794efa-ca89-4327-8231-dea801785b71",
    "data": [
      {
        "text": "ik heb er geen",
        "userDefined": false
      }
    ],
    "isTemplate": false,
    "count": 0,
    "lang": "nl",
    "updated": 0
  },
  {
    "id": "6f642ffa-2ef7-4e91-8f48-3819fde0249b",
    "data": [
      {
        "text": "geen idee",
        "userDefined": false
      }
    ],
    "isTemplate": false,
    "count": 0,
    "lang": "nl",
    "updated": 0
  },
  {
    "id": "2ede8ec5-7993-459a-a565-3a29d015c8f6",
    "data": [
      {
        "text": "heb ik niet",
        "userDefined": false
      }
    ],
    "isTemplate": false,
    "count": 0,
    "lang": "nl",
    "updated": 0
  },
  {
    "id": "53b21d6e-b79c-4ffc-be49-cc6ec2c39d73",
    "data": [
      {
        "text": "weet ik niet",
        "userDefined": false
      }
    ],
    "isTemplate": false,
    "count": 0,
    "lang": "nl",
    "updated": 0
  }
]