[
  {
    "id": "ebefee13-2c18-4a02-8334-a0dc9543e4fd",
    "data": [
      {
        "text": "hoi",
        "meta": "@sys.person",
        "alias": "person",
        "userDefined": false
      },
      {
        "text": " ",
        "userDefined": false
      },
      {
        "text": "buddy",
        "meta": "@sys.person",
        "alias": "person",
        "userDefined": false
      }
    ],
    "isTemplate": false,
    "count": 0,
    "lang": "nl",
    "updated": 0
  },
  {
    "id": "285af11d-6433-4211-a71f-8b169f8dca73",
    "data": [
      {
        "text": "hoi budy",
        "meta": "@sys.person",
        "alias": "person",
        "userDefined": false
      }
    ],
    "isTemplate": false,
    "count": 0,
    "lang": "nl",
    "updated": 0
  },
  {
    "id": "60aadb7a-0c2a-46f4-ac3f-763148305e66",
    "data": [
      {
        "text": "hallo ",
        "userDefined": false
      },
      {
        "text": "budy",
        "meta": "@sys.person",
        "alias": "person",
        "userDefined": false
      }
    ],
    "isTemplate": false,
    "count": 0,
    "lang": "nl",
    "updated": 0
  },
  {
    "id": "1f36ddf5-92f3-4c04-b02e-64802474b42e",
    "data": [
      {
        "text": "hallo ",
        "userDefined": false
      },
      {
        "text": "buddy",
        "meta": "@sys.person",
        "alias": "person",
        "userDefined": false
      }
    ],
    "isTemplate": false,
    "count": 0,
    "lang": "nl",
    "updated": 0
  },
  {
    "id": "83f6cdd0-9eac-4fef-806b-e16cffaea679",
    "data": [
      {
        "text": "Hoi",
        "meta": "@sys.person",
        "alias": "person",
        "userDefined": false
      }
    ],
    "isTemplate": false,
    "count": 0,
    "lang": "nl",
    "updated": 0
  },
  {
    "id": "302c4bcf-0c8f-4723-a14a-0b48deba3514",
    "data": [
      {
        "text": "Hi",
        "meta": "@sys.language",
        "alias": "language",
        "userDefined": false
      }
    ],
    "isTemplate": false,
    "count": 0,
    "lang": "nl",
    "updated": 0
  },
  {
    "id": "40804adc-edc4-4961-87d7-aaa7d0146ac2",
    "data": [
      {
        "text": "Hey",
        "meta": "@sys.geo-city",
        "alias": "geo-city",
        "userDefined": false
      }
    ],
    "isTemplate": false,
    "count": 0,
    "lang": "nl",
    "updated": 0
  },
  {
    "id": "9bb97502-2c0f-4a85-b921-9c5b72a1b0f5",
    "data": [
      {
        "text": "Hallo",
        "meta": "@sys.location",
        "alias": "location",
        "userDefined": false
      }
    ],
    "isTemplate": false,
    "count": 0,
    "lang": "nl",
    "updated": 0
  }
]