[
  {
    "id": "18f74762-2a78-46e8-b7bb-264a62d7a8ec",
    "data": [
      {
        "text": "thomas",
        "meta": "@sys.person",
        "alias": "person",
        "userDefined": false
      }
    ],
    "isTemplate": false,
    "count": 0,
    "lang": "nl",
    "updated": 0
  },
  {
    "id": "e519cc48-6ec2-41db-9471-fb70fd0d2d53",
    "data": [
      {
        "text": "hallo ik ben ",
        "userDefined": false
      },
      {
        "text": "kasper",
        "meta": "@sys.person",
        "alias": "person",
        "userDefined": false
      }
    ],
    "isTemplate": false,
    "count": 0,
    "lang": "nl",
    "updated": 0
  },
  {
    "id": "4da0a37a-c151-4990-82d8-94844f8089c2",
    "data": [
      {
        "text": "Anna",
        "meta": "@sys.person",
        "alias": "person",
        "userDefined": false
      }
    ],
    "isTemplate": false,
    "count": 0,
    "lang": "nl",
    "updated": 0
  },
  {
    "id": "578f878f-34c1-455e-951a-2a70efce3784",
    "data": [
      {
        "text": "Mijn naam is ",
        "userDefined": false
      },
      {
        "text": "Luka",
        "meta": "@sys.person",
        "alias": "person",
        "userDefined": false
      }
    ],
    "isTemplate": false,
    "count": 0,
    "lang": "nl",
    "updated": 0
  },
  {
    "id": "e70d2d28-b6da-47bf-b442-2c1d4a5ebf08",
    "data": [
      {
        "text": "Ik ben ",
        "userDefined": false
      },
      {
        "text": "Niko",
        "meta": "@sys.person",
        "alias": "person",
        "userDefined": false
      }
    ],
    "isTemplate": false,
    "count": 0,
    "lang": "nl",
    "updated": 0
  }
]