[
  {
    "id": "6db2b590-b0e9-4bd2-8e3e-897ad2bcce0f",
    "data": [
      {
        "text": "niet ",
        "userDefined": false
      },
      {
        "text": "echt",
        "meta": "@sys.geo-city",
        "alias": "geo-city",
        "userDefined": false
      }
    ],
    "isTemplate": false,
    "count": 0,
    "lang": "nl",
    "updated": 0
  },
  {
    "id": "a8f30bb9-e6ea-457a-992a-d8ecb0307a04",
    "data": [
      {
        "text": "nee",
        "userDefined": false
      }
    ],
    "isTemplate": false,
    "count": 0,
    "lang": "nl",
    "updated": 0
  },
  {
    "id": "facdc4a5-bb12-4356-a11f-a940ddcb47e0",
    "data": [
      {
        "text": "heel weinig",
        "userDefined": false
      }
    ],
    "isTemplate": false,
    "count": 0,
    "lang": "nl",
    "updated": 0
  },
  {
    "id": "49b6c7d2-3a57-40e4-addf-fbdb324dd22c",
    "data": [
      {
        "text": "niet veel",
        "userDefined": false
      }
    ],
    "isTemplate": false,
    "count": 0,
    "lang": "nl",
    "updated": 0
  },
  {
    "id": "3eef5824-641d-44f7-865a-3b10c7423a2f",
    "data": [
      {
        "text": "geen idee",
        "userDefined": false
      }
    ],
    "isTemplate": false,
    "count": 0,
    "lang": "nl",
    "updated": 0
  },
  {
    "id": "4c88404b-f271-4ceb-90bb-0007328fdb55",
    "data": [
      {
        "text": "weet ik nog niet",
        "userDefined": false
      }
    ],
    "isTemplate": false,
    "count": 0,
    "lang": "nl",
    "updated": 0
  },
  {
    "id": "3de9e48f-335c-4759-b366-c30782c8d010",
    "data": [
      {
        "text": "weet ik niet",
        "userDefined": false
      }
    ],
    "isTemplate": false,
    "count": 0,
    "lang": "nl",
    "updated": 0
  },
  {
    "id": "f2dbe02c-665e-48c8-b516-234326651705",
    "data": [
      {
        "text": "niks",
        "meta": "@sys.person",
        "alias": "person",
        "userDefined": false
      }
    ],
    "isTemplate": false,
    "count": 0,
    "lang": "nl",
    "updated": 0
  },
  {
    "id": "4fff2e4b-4bb9-4579-8ca5-f85771675268",
    "data": [
      {
        "text": "niets",
        "userDefined": false
      }
    ],
    "isTemplate": false,
    "count": 0,
    "lang": "nl",
    "updated": 0
  }
]