[
  {
    "id": "6cc2f44e-78a7-4460-88ed-f68b0ecc2daf",
    "data": [
      {
        "text": "dat weet ik nog niet",
        "userDefined": false
      }
    ],
    "isTemplate": false,
    "count": 0,
    "lang": "nl",
    "updated": 0
  },
  {
    "id": "e1ce7abf-2a05-45b8-acf9-00c7e089ffa9",
    "data": [
      {
        "text": "moet ik over nadenken",
        "userDefined": false
      }
    ],
    "isTemplate": false,
    "count": 0,
    "lang": "nl",
    "updated": 0
  },
  {
    "id": "5eec0dbd-83ef-4d1f-bf5a-bdf42bcd8a17",
    "data": [
      {
        "text": "ik heb er geen",
        "userDefined": false
      }
    ],
    "isTemplate": false,
    "count": 0,
    "lang": "nl",
    "updated": 0
  },
  {
    "id": "bb75a964-09f5-4b8c-993b-7e18dc8b77c7",
    "data": [
      {
        "text": "geen idee",
        "userDefined": false
      }
    ],
    "isTemplate": false,
    "count": 0,
    "lang": "nl",
    "updated": 0
  },
  {
    "id": "49e0626a-94a8-4a22-b811-4178a64da1fe",
    "data": [
      {
        "text": "heb ik niet",
        "userDefined": false
      }
    ],
    "isTemplate": false,
    "count": 0,
    "lang": "nl",
    "updated": 0
  },
  {
    "id": "cbfad2d4-e624-41a9-ad5c-99acf81bb554",
    "data": [
      {
        "text": "Weet ik niet",
        "userDefined": false
      }
    ],
    "isTemplate": false,
    "count": 0,
    "lang": "nl",
    "updated": 0
  }
]