[
  {
    "id": "542141e8-a11a-46d8-ad38-509cfaa64f44",
    "data": [
      {
        "text": "niet ",
        "userDefined": false
      },
      {
        "text": "echt",
        "meta": "@sys.geo-city",
        "alias": "geo-city",
        "userDefined": false
      }
    ],
    "isTemplate": false,
    "count": 0,
    "lang": "nl",
    "updated": 0
  },
  {
    "id": "80cdfc36-0c2e-48a4-98e6-5a4ad471c788",
    "data": [
      {
        "text": "nee",
        "userDefined": false
      }
    ],
    "isTemplate": false,
    "count": 0,
    "lang": "nl",
    "updated": 0
  },
  {
    "id": "42ad098f-3cdc-44a2-98ab-1e768b0863f6",
    "data": [
      {
        "text": "blijf thuis",
        "userDefined": false
      }
    ],
    "isTemplate": false,
    "count": 0,
    "lang": "nl",
    "updated": 0
  },
  {
    "id": "04735fe9-34c2-4dac-8487-d8468a80be00",
    "data": [
      {
        "text": "thuis blijven",
        "userDefined": false
      }
    ],
    "isTemplate": false,
    "count": 0,
    "lang": "nl",
    "updated": 0
  },
  {
    "id": "21ad14f7-dc87-4b2a-849c-64b860490f81",
    "data": [
      {
        "text": "vooral op ",
        "userDefined": false
      },
      {
        "text": "de bank",
        "meta": "@sys.location",
        "alias": "location",
        "userDefined": false
      },
      {
        "text": " liggen",
        "userDefined": false
      }
    ],
    "isTemplate": false,
    "count": 0,
    "lang": "nl",
    "updated": 0
  },
  {
    "id": "fc6bdc5f-035e-4928-9b36-d23631249f92",
    "data": [
      {
        "text": "slapen",
        "userDefined": false
      }
    ],
    "isTemplate": false,
    "count": 0,
    "lang": "nl",
    "updated": 0
  },
  {
    "id": "74a19afd-4328-46c4-8f81-fee65a31fb12",
    "data": [
      {
        "text": "uitslapen",
        "userDefined": false
      }
    ],
    "isTemplate": false,
    "count": 0,
    "lang": "nl",
    "updated": 0
  },
  {
    "id": "6332b495-16b3-4cb9-824f-99c7491f640d",
    "data": [
      {
        "text": "ik blijf thuis",
        "meta": "@sys.location",
        "alias": "location",
        "userDefined": false
      }
    ],
    "isTemplate": false,
    "count": 0,
    "lang": "nl",
    "updated": 0
  },
  {
    "id": "d503cd62-78c5-4c92-a6c9-f90f0f764460",
    "data": [
      {
        "text": "weinig",
        "meta": "@sys.location",
        "alias": "location",
        "userDefined": false
      }
    ],
    "isTemplate": false,
    "count": 0,
    "lang": "nl",
    "updated": 0
  },
  {
    "id": "f0764310-5ced-4f72-9d11-38395d9da2a5",
    "data": [
      {
        "text": "heel weinig",
        "userDefined": false
      }
    ],
    "isTemplate": false,
    "count": 0,
    "lang": "nl",
    "updated": 0
  },
  {
    "id": "06427a6e-d3a1-4815-a868-613945db0e8e",
    "data": [
      {
        "text": "niet veel",
        "userDefined": false
      }
    ],
    "isTemplate": false,
    "count": 0,
    "lang": "nl",
    "updated": 0
  },
  {
    "id": "552b6000-a798-4b99-b8cb-08f24ff52246",
    "data": [
      {
        "text": "geen idee",
        "userDefined": false
      }
    ],
    "isTemplate": false,
    "count": 0,
    "lang": "nl",
    "updated": 0
  },
  {
    "id": "13dff335-74ee-48d8-a7c5-a4d6b91d707d",
    "data": [
      {
        "text": "weet ik niet",
        "userDefined": false
      }
    ],
    "isTemplate": false,
    "count": 0,
    "lang": "nl",
    "updated": 0
  },
  {
    "id": "e49cbf46-f5e1-4749-8230-57dd549a32b7",
    "data": [
      {
        "text": "niks",
        "meta": "@sys.person",
        "alias": "person",
        "userDefined": false
      }
    ],
    "isTemplate": false,
    "count": 0,
    "lang": "nl",
    "updated": 0
  },
  {
    "id": "e277b790-84a9-404c-8dbe-d975b108ac10",
    "data": [
      {
        "text": "niets",
        "userDefined": false
      }
    ],
    "isTemplate": false,
    "count": 0,
    "lang": "nl",
    "updated": 0
  }
]