[
  {
    "id": "2fc5e5af-6972-4e39-ade7-5a61db894b65",
    "data": [
      {
        "text": "moet ik over nadenken",
        "userDefined": false
      }
    ],
    "isTemplate": false,
    "count": 0,
    "lang": "nl",
    "updated": 0
  },
  {
    "id": "40dced51-13ab-4575-a060-44b8f2aa9b6a",
    "data": [
      {
        "text": "heb er geen",
        "userDefined": false
      }
    ],
    "isTemplate": false,
    "count": 0,
    "lang": "nl",
    "updated": 0
  },
  {
    "id": "3c854a25-d33c-47d6-a7c0-1c80dead4277",
    "data": [
      {
        "text": "heb ik niet",
        "userDefined": false
      }
    ],
    "isTemplate": false,
    "count": 0,
    "lang": "nl",
    "updated": 0
  },
  {
    "id": "c8b933a8-ed8c-4998-a2da-f607b1f0c956",
    "data": [
      {
        "text": "dat weet ik nog niet",
        "userDefined": false
      }
    ],
    "isTemplate": false,
    "count": 1,
    "lang": "nl",
    "updated": 0
  },
  {
    "id": "4a43c784-ad8a-4cf0-8eb6-2a96e54d4fd0",
    "data": [
      {
        "text": "geen idee",
        "userDefined": false
      }
    ],
    "isTemplate": false,
    "count": 0,
    "lang": "nl",
    "updated": 0
  },
  {
    "id": "75834e85-bd74-4a8a-af93-93db90f73e54",
    "data": [
      {
        "text": "weet ik niet",
        "userDefined": false
      }
    ],
    "isTemplate": false,
    "count": 0,
    "lang": "nl",
    "updated": 0
  }
]