[
  {
    "id": "bc3bb158-9715-4109-9022-7a311af1cb1f",
    "data": [
      {
        "text": "james",
        "meta": "@sys.person",
        "alias": "person1",
        "userDefined": false
      }
    ],
    "isTemplate": false,
    "count": 0,
    "lang": "nl",
    "updated": 0
  },
  {
    "id": "68894df8-3065-4adc-9f76-575d12869d1a",
    "data": [
      {
        "text": "mijn naam is ",
        "userDefined": false
      },
      {
        "text": "tom",
        "meta": "@sys.person",
        "alias": "person1",
        "userDefined": false
      }
    ],
    "isTemplate": false,
    "count": 0,
    "lang": "nl",
    "updated": 0
  },
  {
    "id": "e672afaa-1f27-43ad-a38a-d16747b48542",
    "data": [
      {
        "text": "ik ben ",
        "userDefined": false
      },
      {
        "text": "luca",
        "meta": "@sys.person",
        "alias": "person1",
        "userDefined": false
      }
    ],
    "isTemplate": false,
    "count": 0,
    "lang": "nl",
    "updated": 0
  },
  {
    "id": "062ed8a5-d498-4c0a-ba0b-ea67d2da2450",
    "data": [
      {
        "text": "hoi mijn naam is ",
        "userDefined": false
      },
      {
        "text": "thomas",
        "meta": "@sys.person",
        "alias": "person1",
        "userDefined": false
      }
    ],
    "isTemplate": false,
    "count": 0,
    "lang": "nl",
    "updated": 0
  },
  {
    "id": "0a5a6f9f-5832-410b-849d-925a73c40a16",
    "data": [
      {
        "text": "Hey ik ben ",
        "userDefined": false
      },
      {
        "text": "timo",
        "meta": "@sys.person",
        "alias": "person1",
        "userDefined": false
      }
    ],
    "isTemplate": false,
    "count": 0,
    "lang": "nl",
    "updated": 0
  },
  {
    "id": "7c9afbf3-81a0-4584-8da7-67171c141c38",
    "data": [
      {
        "text": "Hoi ik ben ",
        "userDefined": false
      },
      {
        "text": "Lisa",
        "meta": "@sys.person",
        "alias": "person1",
        "userDefined": false
      }
    ],
    "isTemplate": false,
    "count": 0,
    "lang": "nl",
    "updated": 0
  },
  {
    "id": "4810784d-50c5-4b42-9881-68e006840646",
    "data": [
      {
        "text": "Hallo ik ben ",
        "userDefined": false
      },
      {
        "text": "Kasper",
        "meta": "@sys.person",
        "alias": "person1",
        "userDefined": false
      }
    ],
    "isTemplate": false,
    "count": 0,
    "lang": "nl",
    "updated": 0
  }
]