[
  {
    "id": "7ae3e51d-40df-4fd6-b7a6-75fa99fe4913",
    "data": [
      {
        "text": "ik ben ",
        "userDefined": false
      },
      {
        "text": "moe",
        "meta": "@hoegaatnietgoed",
        "alias": "hoegaatnietgoed",
        "userDefined": true
      }
    ],
    "isTemplate": false,
    "count": 1,
    "lang": "nl",
    "updated": 0
  },
  {
    "id": "da12dae0-ff95-4938-9674-eb9964981d84",
    "data": [
      {
        "text": "moe",
        "meta": "@hoegaatnietgoed",
        "alias": "hoegaatnietgoed",
        "userDefined": false
      }
    ],
    "isTemplate": false,
    "count": 0,
    "lang": "nl",
    "updated": 0
  },
  {
    "id": "8bacefa1-b223-4003-a1dc-49d52f1ff8e8",
    "data": [
      {
        "text": "niet zo goed",
        "userDefined": false
      }
    ],
    "isTemplate": false,
    "count": 0,
    "lang": "nl",
    "updated": 0
  },
  {
    "id": "bf570bd9-38ad-4120-8553-d565fb809d28",
    "data": [
      {
        "text": "Niet echt goed",
        "meta": "@hoegaatnietgoed",
        "alias": "hoegaatnietgoed",
        "userDefined": false
      }
    ],
    "isTemplate": false,
    "count": 0,
    "lang": "nl",
    "updated": 0
  },
  {
    "id": "4a7e57a9-c012-4c79-8f38-fb54a4c886ff",
    "data": [
      {
        "text": "Kan beter",
        "meta": "@hoegaatnietgoed",
        "alias": "hoegaatnietgoed",
        "userDefined": false
      }
    ],
    "isTemplate": false,
    "count": 0,
    "lang": "nl",
    "updated": 0
  },
  {
    "id": "193e02f5-62c7-4a0d-818b-598489a7aac9",
    "data": [
      {
        "text": "Ik ben eigenlijk best wel ",
        "userDefined": false
      },
      {
        "text": "verdrietig",
        "meta": "@hoegaatnietgoed",
        "alias": "hoegaatnietgoed",
        "userDefined": false
      }
    ],
    "isTemplate": false,
    "count": 0,
    "lang": "nl",
    "updated": 0
  },
  {
    "id": "2e6ae674-1cb6-4204-829f-2f0472f70ec1",
    "data": [
      {
        "text": "Slecht",
        "meta": "@hoegaatnietgoed",
        "alias": "hoegaatnietgoed",
        "userDefined": false
      }
    ],
    "isTemplate": false,
    "count": 0,
    "lang": "nl",
    "updated": 0
  },
  {
    "id": "59b53647-e4cb-41a9-91e0-838b6746bedc",
    "data": [
      {
        "text": "Niet goed",
        "meta": "@hoegaatnietgoed",
        "alias": "hoegaatnietgoed",
        "userDefined": false
      }
    ],
    "isTemplate": false,
    "count": 0,
    "lang": "nl",
    "updated": 0
  }
]