[
  {
    "id": "eb9ab8d5-3382-4a23-a698-81f8a63ae184",
    "data": [
      {
        "text": "wandelen en gamen",
        "userDefined": false
      }
    ],
    "isTemplate": false,
    "count": 0,
    "lang": "nl",
    "updated": 0
  },
  {
    "id": "a1866654-89c5-4de5-9f70-2fea6c6cd867",
    "data": [
      {
        "text": "fortnite",
        "userDefined": false
      }
    ],
    "isTemplate": false,
    "count": 0,
    "lang": "nl",
    "updated": 0
  },
  {
    "id": "3209dfcb-d72f-4006-881f-da2f914592a5",
    "data": [
      {
        "text": "roblox",
        "userDefined": false
      }
    ],
    "isTemplate": false,
    "count": 0,
    "lang": "nl",
    "updated": 0
  },
  {
    "id": "544e4cc4-8d97-4684-a287-b0ba1f08a012",
    "data": [
      {
        "text": "minecraft",
        "userDefined": false
      }
    ],
    "isTemplate": false,
    "count": 0,
    "lang": "nl",
    "updated": 0
  },
  {
    "id": "868219da-8ea1-41a3-9305-7d8ef01402e4",
    "data": [
      {
        "text": "gamen",
        "userDefined": false
      }
    ],
    "isTemplate": false,
    "count": 0,
    "lang": "nl",
    "updated": 0
  },
  {
    "id": "91199f40-5251-4d8b-8a7d-55a440e5264b",
    "data": [
      {
        "text": "kerst",
        "meta": "@sys.person",
        "alias": "person",
        "userDefined": false
      }
    ],
    "isTemplate": false,
    "count": 0,
    "lang": "nl",
    "updated": 0
  },
  {
    "id": "85be7ed5-3ce9-496d-8a2f-ffd8caa47399",
    "data": [
      {
        "text": "uit eten",
        "meta": "@sys.location",
        "alias": "location",
        "userDefined": false
      }
    ],
    "isTemplate": false,
    "count": 0,
    "lang": "nl",
    "updated": 0
  },
  {
    "id": "e72d1f25-0aaa-4fb0-8ce5-ed6e48154290",
    "data": [
      {
        "text": "eten",
        "meta": "@sys.location",
        "alias": "location",
        "userDefined": false
      }
    ],
    "isTemplate": false,
    "count": 0,
    "lang": "nl",
    "updated": 0
  },
  {
    "id": "cc16355d-d357-480d-ae4e-937504edaa53",
    "data": [
      {
        "text": "skivakantie",
        "userDefined": false
      }
    ],
    "isTemplate": false,
    "count": 0,
    "lang": "nl",
    "updated": 0
  },
  {
    "id": "fd00fb81-5cff-4adb-9414-6b20a15e1579",
    "data": [
      {
        "text": "ski vakantie",
        "userDefined": false
      }
    ],
    "isTemplate": false,
    "count": 0,
    "lang": "nl",
    "updated": 0
  },
  {
    "id": "0a0c1aa8-73f0-4af8-9a24-a7a54f08646e",
    "data": [
      {
        "text": "op vakantie naar ",
        "userDefined": false
      },
      {
        "text": "londen",
        "meta": "@sys.person",
        "alias": "person",
        "userDefined": false
      }
    ],
    "isTemplate": false,
    "count": 0,
    "lang": "nl",
    "updated": 0
  },
  {
    "id": "c3323f05-9904-4a4e-8ec5-a02d1ade2aa2",
    "data": [
      {
        "text": "op reis",
        "userDefined": false
      }
    ],
    "isTemplate": false,
    "count": 0,
    "lang": "nl",
    "updated": 0
  },
  {
    "id": "47927cd3-e832-4855-8f84-ef16d040503c",
    "data": [
      {
        "text": "reizen",
        "userDefined": false
      }
    ],
    "isTemplate": false,
    "count": 0,
    "lang": "nl",
    "updated": 0
  },
  {
    "id": "d6c09cdf-18dd-4c0d-bbc7-d5dcc92991ee",
    "data": [
      {
        "text": "op vakantie",
        "userDefined": false
      }
    ],
    "isTemplate": false,
    "count": 0,
    "lang": "nl",
    "updated": 0
  },
  {
    "id": "26d96f8a-eddf-493a-a575-5a8df14587a9",
    "data": [
      {
        "text": "afspreken",
        "userDefined": false
      }
    ],
    "isTemplate": false,
    "count": 0,
    "lang": "nl",
    "updated": 0
  },
  {
    "id": "e58570e9-4c30-4bbe-8f0c-9bb7ee0a807b",
    "data": [
      {
        "text": "logeren",
        "meta": "@sys.music-artist",
        "alias": "music-artist",
        "userDefined": false
      }
    ],
    "isTemplate": false,
    "count": 0,
    "lang": "nl",
    "updated": 0
  },
  {
    "id": "c0bb7e0c-0042-4f89-a285-3f7748487c18",
    "data": [
      {
        "text": "wintersport",
        "meta": "@sys.location",
        "alias": "location",
        "userDefined": false
      }
    ],
    "isTemplate": false,
    "count": 0,
    "lang": "nl",
    "updated": 0
  },
  {
    "id": "12abdb10-79b3-41c1-965f-5803fb0f023a",
    "data": [
      {
        "text": "snowboarden",
        "userDefined": false
      }
    ],
    "isTemplate": false,
    "count": 0,
    "lang": "nl",
    "updated": 0
  },
  {
    "id": "a6a649b2-7c8f-4882-99a5-0ad280633b9c",
    "data": [
      {
        "text": "eten",
        "meta": "@sys.location",
        "alias": "location",
        "userDefined": false
      },
      {
        "text": " en spelen",
        "userDefined": false
      }
    ],
    "isTemplate": false,
    "count": 0,
    "lang": "nl",
    "updated": 0
  },
  {
    "id": "893e9ed8-ab1f-4ab2-bd60-1f43b4b1af90",
    "data": [
      {
        "text": "schaatsen",
        "userDefined": false
      }
    ],
    "isTemplate": false,
    "count": 0,
    "lang": "nl",
    "updated": 0
  },
  {
    "id": "9bc50a59-1bd6-4d97-9a35-f6ea0182ccd4",
    "data": [
      {
        "text": "curacao",
        "meta": "@sys.location",
        "alias": "location",
        "userDefined": false
      }
    ],
    "isTemplate": false,
    "count": 0,
    "lang": "nl",
    "updated": 0
  },
  {
    "id": "5cba880d-5d46-4ac8-b016-fbc93eec1b6b",
    "data": [
      {
        "text": "zwitserland",
        "meta": "@sys.location",
        "alias": "location",
        "userDefined": false
      }
    ],
    "isTemplate": false,
    "count": 0,
    "lang": "nl",
    "updated": 0
  },
  {
    "id": "f41f17d7-28f3-4225-9480-1dc94a4510bd",
    "data": [
      {
        "text": "gourmetten",
        "userDefined": false
      }
    ],
    "isTemplate": false,
    "count": 0,
    "lang": "nl",
    "updated": 0
  },
  {
    "id": "b9e39ad7-ba00-4261-bff5-f3940daacec8",
    "data": [
      {
        "text": "kerst",
        "meta": "@sys.person",
        "alias": "person",
        "userDefined": false
      },
      {
        "text": " ",
        "userDefined": false
      },
      {
        "text": "vieren",
        "meta": "@sys.number",
        "alias": "number",
        "userDefined": false
      }
    ],
    "isTemplate": false,
    "count": 0,
    "lang": "nl",
    "updated": 0
  },
  {
    "id": "f11d1325-d8a8-4aed-9f28-a2b499eadb64",
    "data": [
      {
        "text": "naar ",
        "userDefined": false
      },
      {
        "text": "de bioscoop",
        "meta": "@sys.location",
        "alias": "location",
        "userDefined": false
      }
    ],
    "isTemplate": false,
    "count": 0,
    "lang": "nl",
    "updated": 0
  },
  {
    "id": "afea26fe-233b-4388-baca-7ffa740cec48",
    "data": [
      {
        "text": "films kijken",
        "userDefined": false
      }
    ],
    "isTemplate": false,
    "count": 0,
    "lang": "nl",
    "updated": 0
  },
  {
    "id": "e8bcadd8-2897-4f30-a8b4-6c603dcc3fe3",
    "data": [
      {
        "text": "we gaan naar frankrijk",
        "userDefined": false
      }
    ],
    "isTemplate": false,
    "count": 0,
    "lang": "nl",
    "updated": 0
  },
  {
    "id": "01954212-c5ad-422c-8242-3f4907bdba9e",
    "data": [
      {
        "text": "we gaan skiien",
        "userDefined": false
      }
    ],
    "isTemplate": false,
    "count": 0,
    "lang": "nl",
    "updated": 0
  }
]