[
  {
    "id": "ec357515-7716-4c35-8593-c71fb65958ab",
    "data": [
      {
        "text": "vos",
        "meta": "@sys.last-name",
        "alias": "last-name",
        "userDefined": false
      }
    ],
    "isTemplate": false,
    "count": 0,
    "lang": "nl",
    "updated": 0
  },
  {
    "id": "0e896f00-c263-4fb1-989a-d5531e4ff761",
    "data": [
      {
        "text": "vogelbekdier",
        "userDefined": false
      }
    ],
    "isTemplate": false,
    "count": 0,
    "lang": "nl",
    "updated": 0
  },
  {
    "id": "5e51ee27-3c09-4ff6-8cf6-57db2b673825",
    "data": [
      {
        "text": "aap",
        "meta": "@sys.location",
        "alias": "location",
        "userDefined": false
      }
    ],
    "isTemplate": false,
    "count": 0,
    "lang": "nl",
    "updated": 0
  },
  {
    "id": "77917579-40cd-441c-87f9-01e54fb21a34",
    "data": [
      {
        "text": "luiaard",
        "userDefined": false
      }
    ],
    "isTemplate": false,
    "count": 0,
    "lang": "nl",
    "updated": 0
  },
  {
    "id": "4bee8e56-c62f-4116-8576-b14ebc557e03",
    "data": [
      {
        "text": "cobra",
        "meta": "@sys.location",
        "alias": "location",
        "userDefined": false
      }
    ],
    "isTemplate": false,
    "count": 0,
    "lang": "nl",
    "updated": 0
  },
  {
    "id": "96e2e88d-726e-4dc9-969e-83f6ad98c5ba",
    "data": [
      {
        "text": "antilope",
        "meta": "@sys.location",
        "alias": "location",
        "userDefined": false
      }
    ],
    "isTemplate": false,
    "count": 0,
    "lang": "nl",
    "updated": 0
  },
  {
    "id": "e108dddb-e6e2-466e-a63b-ef79561e2407",
    "data": [
      {
        "text": "neushoorn",
        "meta": "@sys.location",
        "alias": "location",
        "userDefined": false
      }
    ],
    "isTemplate": false,
    "count": 0,
    "lang": "nl",
    "updated": 0
  },
  {
    "id": "ad6cc419-6a7b-41f5-9b9b-62c72e3e077a",
    "data": [
      {
        "text": "flamingo",
        "meta": "@sys.location",
        "alias": "location",
        "userDefined": false
      }
    ],
    "isTemplate": false,
    "count": 0,
    "lang": "nl",
    "updated": 0
  },
  {
    "id": "db8fe440-1c42-4da2-aacf-1bee05b6f75b",
    "data": [
      {
        "text": "kanarievogel",
        "userDefined": false
      }
    ],
    "isTemplate": false,
    "count": 0,
    "lang": "nl",
    "updated": 0
  },
  {
    "id": "7af53fe9-0080-4034-a889-a5050b705dbc",
    "data": [
      {
        "text": "kanarie",
        "userDefined": false
      }
    ],
    "isTemplate": false,
    "count": 0,
    "lang": "nl",
    "updated": 0
  },
  {
    "id": "210790a6-2e5a-4124-8850-b1984a49d0f2",
    "data": [
      {
        "text": "uil",
        "userDefined": false
      }
    ],
    "isTemplate": false,
    "count": 0,
    "lang": "nl",
    "updated": 0
  },
  {
    "id": "dbb34561-2068-47bb-8720-15702ee1ce1b",
    "data": [
      {
        "text": "panda",
        "userDefined": false
      }
    ],
    "isTemplate": false,
    "count": 0,
    "lang": "nl",
    "updated": 0
  },
  {
    "id": "4bc5b56d-57d0-4337-a6de-96fa67b38dc1",
    "data": [
      {
        "text": "rups",
        "userDefined": false
      }
    ],
    "isTemplate": false,
    "count": 0,
    "lang": "nl",
    "updated": 0
  },
  {
    "id": "63ddcbbf-a44b-4117-a079-082928b079e7",
    "data": [
      {
        "text": "maki",
        "meta": "@sys.person",
        "alias": "person",
        "userDefined": false
      }
    ],
    "isTemplate": false,
    "count": 0,
    "lang": "nl",
    "updated": 0
  },
  {
    "id": "8913ae4a-3791-4a39-887e-4f090f9c7811",
    "data": [
      {
        "text": "rat",
        "userDefined": false
      }
    ],
    "isTemplate": false,
    "count": 0,
    "lang": "nl",
    "updated": 0
  },
  {
    "id": "a68f566c-ff6a-4eef-aa81-112f829424b7",
    "data": [
      {
        "text": "paard",
        "meta": "@sys.location",
        "alias": "location",
        "userDefined": false
      }
    ],
    "isTemplate": false,
    "count": 0,
    "lang": "nl",
    "updated": 0
  },
  {
    "id": "83d3e888-ee24-4aa4-b838-4999d36c7bdd",
    "data": [
      {
        "text": "koe",
        "userDefined": false
      }
    ],
    "isTemplate": false,
    "count": 0,
    "lang": "nl",
    "updated": 0
  },
  {
    "id": "8269926a-c62c-4032-b704-f75234925236",
    "data": [
      {
        "text": "dino",
        "meta": "@sys.person",
        "alias": "person",
        "userDefined": false
      }
    ],
    "isTemplate": false,
    "count": 0,
    "lang": "nl",
    "updated": 0
  },
  {
    "id": "ea01224b-4738-4a2c-9023-3613a45fcac0",
    "data": [
      {
        "text": "olifant",
        "userDefined": false
      }
    ],
    "isTemplate": false,
    "count": 0,
    "lang": "nl",
    "updated": 0
  },
  {
    "id": "cb9fc5dd-ca49-4085-89bb-de58fb177d28",
    "data": [
      {
        "text": "draak",
        "userDefined": false
      }
    ],
    "isTemplate": false,
    "count": 0,
    "lang": "nl",
    "updated": 0
  },
  {
    "id": "817f9aad-1391-4245-ba4a-ea3a7ef2e1f5",
    "data": [
      {
        "text": "dinosaurus",
        "userDefined": false
      }
    ],
    "isTemplate": false,
    "count": 0,
    "lang": "nl",
    "updated": 0
  },
  {
    "id": "3b9e86b1-9adc-440a-9cd5-fad4715d8fb0",
    "data": [
      {
        "text": "konijn",
        "userDefined": false
      }
    ],
    "isTemplate": false,
    "count": 0,
    "lang": "nl",
    "updated": 0
  },
  {
    "id": "e4a2e861-2b2f-4b08-8676-6233f367e2c6",
    "data": [
      {
        "text": "een",
        "meta": "@sys.number",
        "alias": "number",
        "userDefined": false
      },
      {
        "text": " hamster",
        "userDefined": false
      }
    ],
    "isTemplate": false,
    "count": 0,
    "lang": "nl",
    "updated": 0
  },
  {
    "id": "0d8ec9c3-2a89-49da-8ec3-bee1ff60d0ac",
    "data": [
      {
        "text": "vlinder",
        "userDefined": false
      }
    ],
    "isTemplate": false,
    "count": 0,
    "lang": "nl",
    "updated": 0
  },
  {
    "id": "fc2e446c-10f9-497b-97ce-7fed10710e2c",
    "data": [
      {
        "text": "poes",
        "meta": "@sys.last-name",
        "alias": "last-name",
        "userDefined": false
      }
    ],
    "isTemplate": false,
    "count": 0,
    "lang": "nl",
    "updated": 0
  },
  {
    "id": "ec0174e8-aba3-46d6-b07c-47f6cd800be0",
    "data": [
      {
        "text": "kat",
        "userDefined": false
      }
    ],
    "isTemplate": false,
    "count": 0,
    "lang": "nl",
    "updated": 0
  },
  {
    "id": "f51c7ed6-b9c4-48db-8485-e7ea41a0acf9",
    "data": [
      {
        "text": "hond",
        "userDefined": false
      }
    ],
    "isTemplate": false,
    "count": 0,
    "lang": "nl",
    "updated": 0
  },
  {
    "id": "6a094eb0-d3f7-4b1e-b283-3950acbf89ba",
    "data": [
      {
        "text": "een",
        "meta": "@sys.number",
        "alias": "number",
        "userDefined": false
      },
      {
        "text": " bultrugwalvis",
        "userDefined": false
      }
    ],
    "isTemplate": false,
    "count": 0,
    "lang": "nl",
    "updated": 0
  },
  {
    "id": "e23f6d19-ae75-4723-b43c-df4ab721a608",
    "data": [
      {
        "text": "walvis",
        "meta": "@sys.location",
        "alias": "location",
        "userDefined": false
      }
    ],
    "isTemplate": false,
    "count": 0,
    "lang": "nl",
    "updated": 0
  },
  {
    "id": "c59fab7c-2a47-4a3a-8bd4-98aa547f763d",
    "data": [
      {
        "text": "pinguin",
        "userDefined": false
      }
    ],
    "isTemplate": false,
    "count": 0,
    "lang": "nl",
    "updated": 0
  },
  {
    "id": "eebb2928-66a9-4f79-9d98-344889783f3f",
    "data": [
      {
        "text": "een",
        "userDefined": false
      },
      {
        "text": " giraf",
        "userDefined": false
      }
    ],
    "isTemplate": false,
    "count": 0,
    "lang": "nl",
    "updated": 0
  },
  {
    "id": "1c16177c-43e8-41e1-bee8-44474d4aa5fd",
    "data": [
      {
        "text": "ja de haai",
        "userDefined": false
      }
    ],
    "isTemplate": false,
    "count": 0,
    "lang": "nl",
    "updated": 0
  },
  {
    "id": "ccbd0726-03e8-4209-b406-c7b967e822ba",
    "data": [
      {
        "text": "ik ",
        "userDefined": false
      },
      {
        "text": "denk",
        "userDefined": false
      },
      {
        "text": " wel ",
        "userDefined": false
      },
      {
        "text": "een",
        "userDefined": false
      },
      {
        "text": " pinguin",
        "userDefined": false
      }
    ],
    "isTemplate": false,
    "count": 0,
    "lang": "nl",
    "updated": 0
  },
  {
    "id": "0dd7693c-8efe-48f9-a421-2783349259f1",
    "data": [
      {
        "text": "een",
        "userDefined": false
      },
      {
        "text": " dolfijn",
        "userDefined": false
      }
    ],
    "isTemplate": false,
    "count": 0,
    "lang": "nl",
    "updated": 0
  },
  {
    "id": "b97d0e44-3a33-4a9a-8163-fe1f9836dda2",
    "data": [
      {
        "text": "ik vind de ",
        "userDefined": false
      },
      {
        "text": "leeuw",
        "userDefined": false
      },
      {
        "text": " heel leuk",
        "userDefined": false
      }
    ],
    "isTemplate": false,
    "count": 0,
    "lang": "nl",
    "updated": 0
  },
  {
    "id": "f745437c-279f-4251-b108-4dfe46e8ea8b",
    "data": [
      {
        "text": "ik vind ",
        "userDefined": false
      },
      {
        "text": "een",
        "userDefined": false
      },
      {
        "text": " ",
        "userDefined": false
      },
      {
        "text": "mier",
        "userDefined": false
      },
      {
        "text": " heel cool",
        "userDefined": false
      }
    ],
    "isTemplate": false,
    "count": 0,
    "lang": "nl",
    "updated": 0
  },
  {
    "id": "ead8208f-463e-494b-bcf2-b380b221b6e2",
    "data": [
      {
        "text": "mijn lievelingsdier is de ",
        "userDefined": false
      },
      {
        "text": "wolf",
        "userDefined": false
      }
    ],
    "isTemplate": false,
    "count": 0,
    "lang": "nl",
    "updated": 0
  },
  {
    "id": "16cfc093-bf18-426f-8bde-9a957dc95515",
    "data": [
      {
        "text": "cavia",
        "userDefined": false
      }
    ],
    "isTemplate": false,
    "count": 0,
    "lang": "nl",
    "updated": 0
  },
  {
    "id": "f2a304e4-c987-41fb-86e2-f40b4e11fc6b",
    "data": [
      {
        "text": "Ik ",
        "userDefined": false
      },
      {
        "text": "denk",
        "userDefined": false
      },
      {
        "text": " toch wel ",
        "userDefined": false
      },
      {
        "text": "een",
        "userDefined": false
      },
      {
        "text": " ",
        "userDefined": false
      },
      {
        "text": "leeuw",
        "userDefined": false
      }
    ],
    "isTemplate": false,
    "count": 0,
    "lang": "nl",
    "updated": 0
  }
]