[
  {
    "id": "9ba2dfb5-f6c3-411f-9fc7-025a633a552d",
    "data": [
      {
        "text": "wat doe je",
        "userDefined": false
      }
    ],
    "isTemplate": false,
    "count": 0,
    "lang": "nl",
    "updated": 0
  },
  {
    "id": "b8d8b3d7-08cd-4a38-8af5-d7654019d3ea",
    "data": [
      {
        "text": "wat ben je?",
        "userDefined": false
      }
    ],
    "isTemplate": false,
    "count": 0,
    "lang": "nl",
    "updated": 0
  },
  {
    "id": "0bdfa760-7cc5-429e-9079-ab2788cbc566",
    "data": [
      {
        "text": "wie ben jij?",
        "userDefined": false
      }
    ],
    "isTemplate": false,
    "count": 0,
    "lang": "nl",
    "updated": 0
  }
]